BBA_1,BBA_2,BBA_3,BBB_1,BBB_2,BBB_3,BBC_1,BBC_2,BBC_3,BWA_1,BWA_2,BWA_3,BWB_1,BWB_2,BWB_3,BWC_1,BWC_2,BWC_3,CBA_1,CBA_2,CBA_3,CBB_1,CBB_2,CBB_3,CBC_1,CBC_2,CBC_3,CCA_1,CCA_2,CCA_3,CCB_1,CCB_2,CCB_3,CCC_1,CCC_2,CCC_3,CHA_1,CHA_2,CHA_3,CHB_1,CHB_2,CHB_3,CHC_1,CHC_2,CHC_3,CPA_1,CPA_2,CPA_3,CPB_1,CPB_2,CPB_3,CPC_1,CPC_2,CPC_3,DPA_1,DPA_2,DPA_3,DPB_1,DPB_2,DPB_3,DPC_1,DPC_2,DPC_3,EBA_1,EBA_2,EBA_3,EBB_1,EBB_2,EBB_3,EBC_1,EBC_2,EBC_3,FCA_1,FCA_2,FCA_3,FCB_1,FCB_2,FCB_3,FCC_1,FCC_2,FCC_3,FPA_1,FPA_2,FPA_3,FPB_1,FPB_2,FPB_3,FPC_1,FPC_2,FPC_3,LHA_1,LHA_2,LHA_3,LHB_1,LHB_2,LHB_3,LHC_1,LHC_2,LHC_3,RBA_1,RBA_2,RBA_3,RBB_1,RBB_2,RBB_3,RBC_1,RBC_2,RBC_3,SAA_1,SAA_2,SAA_3,SAB_1,SAB_2,SAB_3,SAC_1,SAC_2,SAC_3,SCA_1,SCA_2,SCA_3,SCAR_1,SCAR_2,SCAR_3,SCB_1,SCB_2,SCB_3,SCBR_1,SCBR_2,SCBR_3,SCC_1,SCC_2,SCC_3,SCCR_1,SCCR_2,SCCR_3,SMA_1,SMA_2,SMA_3,SMB_1,SMB_2,SMB_3,SMC_1,SMC_2,SMC_3,SPA_1,SPA_2,SPA_3,SPB_1,SPB_2,SPB_3,SPC_1,SPC_2,SPC_3,WCA_1,WCA_2,WCA_3,WCB_1,WCB_2,WCB_3,WCC_1,WCC_2,WCC_3,sum.taxonomy
1403,775,1126,3370,2581,16689,2254,1127,3995,0,0,0,0,0,0,0,0,0,6780,960,4338,17325,783,58,8349,1564,4399,1842,2335,367,5988,853,1681,871,0,0,302,114,2727,1824,459,8864,228,434,182,4404,831,662,2343,2087,144,478,646,1023,2069,258,6306,35,0,696,1015,2904,3744,1224,580,1585,181,369,1616,4,277,1099,53,5,340,0,211,4,719,1167,32,21,53,0,2218,0,130,1157,0,493,789,805,1563,1676,893,2848,670,149,23,781,394,420,305,99,66,115,126,63,1442,55,423,175,144,84,1752,183,0,3782,1830,2080,4640,964,747,298,323,174,12052,2497,495,27,1089,1494,4362,601,798,857,17,62,1715,703,0,418,446,111,329,159,236,314,17,1089,0,0,0,17059,5153,5903,5595,5360,15944,9042,4426,9802,Eukaryota;Chordata;Chondrichthyes;Myliobatiformes;Myliobatidae;Myliobatis;Myliobatis californica
0,0,0,0,0,0,417,0,1438,0,2144,571,0,0,0,0,0,0,0,0,0,0,0,0,0,0,0,0,0,3502,0,0,0,0,0,0,0,0,0,0,0,0,0,0,0,2007,0,0,1797,2725,56,0,518,0,0,0,0,0,0,0,0,0,0,1571,2229,2263,2042,8049,11703,4189,4289,4995,0,0,0,0,0,0,1,0,0,0,0,0,0,0,0,0,0,0,6588,5393,5449,8701,6199,26040,2731,3387,11991,338,235,0,0,0,0,72,575,190,0,0,0,0,0,0,0,0,0,0,0,0,0,0,0,0,0,0,773,0,0,0,0,0,0,0,0,0,0,213,1628,0,0,0,0,1891,0,0,0,0,0,0,0,0,4145,0,0,0,0,0,0,0,0,0,Eukaryota;Chordata;Actinopteri;Labriformes;Labridae;Halichoeres;Halichoeres semicinctus
13,8,0,52,14,202,0,0,21,0,0,0,0,0,0,0,0,0,0,0,0,0,0,0,0,0,0,0,0,0,0,0,0,0,0,0,4,0,0,12,0,451,0,0,32,0,0,0,0,0,0,0,0,0,0,0,0,0,0,0,0,0,0,0,0,0,0,0,0,0,0,0,5,0,0,0,0,0,0,0,0,0,0,0,0,0,0,0,0,0,0,0,0,0,0,0,0,0,0,0,0,0,0,0,0,0,0,0,0,0,0,0,0,0,0,0,0,0,0,10,0,0,0,11,0,0,13,0,0,0,0,0,0,16,0,0,0,0,0,0,0,0,0,0,0,0,0,0,0,10,0,0,3,32,23,0,23,2,43,32,0,7,Eukaryota;Chordata;Actinopteri;Batrachoidiformes;Batrachoididae;Porichthys;Porichthys notatus
0,0,0,0,0,0,0,0,0,0,0,0,0,0,0,0,0,0,0,0,0,0,0,0,0,0,0,0,0,0,0,0,0,0,0,0,0,0,0,0,0,0,0,0,0,0,0,0,0,0,0,0,0,0,0,0,0,0,0,0,0,0,0,0,0,428,0,194,0,801,737,241,0,0,0,0,0,0,0,0,0,0,0,0,0,0,0,0,0,0,0,129,0,0,0,0,0,0,130,0,0,0,0,0,0,0,0,0,0,0,0,0,0,0,0,0,0,0,0,0,0,0,0,0,0,0,0,0,0,0,0,0,0,0,0,0,0,0,0,0,0,0,0,0,0,0,0,0,0,0,0,0,0,0,0,0,0,0,0,0,0,0,Eukaryota;Chordata;Actinopteri;Gobiiformes;Gobiidae;;
0,0,0,0,0,0,0,0,0,36,467,0,0,0,0,0,0,0,0,0,0,0,0,0,0,0,0,0,0,0,0,0,0,0,0,0,0,0,0,0,0,0,0,0,0,0,0,0,0,0,0,0,0,0,0,0,0,0,0,0,0,0,0,0,0,0,0,0,0,0,0,0,0,0,0,0,0,0,0,0,0,0,0,0,0,0,0,0,0,0,0,0,0,0,0,0,0,0,0,0,0,0,0,0,0,0,0,0,0,0,0,0,0,0,0,0,0,0,0,0,0,0,0,0,0,0,0,0,0,0,0,0,0,0,0,0,0,0,0,0,0,0,0,0,0,0,0,0,0,0,0,0,0,0,0,0,0,0,0,0,0,0,Eukaryota;Chordata;Aves;Galliformes;Phasianidae;Meleagris;Meleagris gallopavo
0,0,0,0,0,0,0,0,0,0,0,0,3,0,0,0,0,0,0,129,0,0,0,0,0,0,0,0,0,0,0,0,0,0,0,0,0,0,0,0,0,0,0,0,0,0,0,0,0,0,0,0,0,0,0,0,0,0,0,0,0,0,0,0,0,0,0,0,0,0,0,0,0,0,0,0,0,0,0,0,0,0,0,0,0,0,0,0,0,0,0,0,0,0,12,0,0,0,0,0,0,0,0,0,0,0,0,0,0,0,0,0,0,0,0,0,0,0,0,0,0,0,0,0,0,0,0,508,0,0,0,0,0,0,0,0,0,0,38,9,0,24,0,0,0,0,0,0,0,24,789,0,0,0,0,0,0,0,0,0,0,0,Eukaryota;Chordata;Actinopteri;;;;
0,0,0,0,0,0,0,0,0,0,0,0,0,0,0,0,0,0,0,0,0,0,0,0,0,0,0,0,0,0,0,0,0,0,0,0,0,0,0,0,0,0,0,0,0,0,0,0,0,0,0,0,0,0,0,0,0,0,0,0,0,0,0,0,0,0,0,0,0,0,0,0,0,0,0,0,0,0,0,0,0,0,0,0,0,0,0,0,0,0,0,0,0,0,0,0,0,0,0,0,0,0,0,0,0,0,0,0,0,0,0,0,0,0,0,0,0,0,0,0,0,0,0,0,0,0,0,0,0,0,0,0,0,0,0,0,0,0,0,0,0,0,0,0,0,0,0,0,0,0,0,0,0,0,0,0,0,0,55,0,0,29,Eukaryota;Chordata;Aves;Passeriformes;Corvidae;Corvus;
0,0,0,0,0,0,0,0,0,0,0,0,0,0,0,0,0,0,0,0,0,0,0,0,0,0,0,0,0,0,0,0,0,0,0,0,0,0,0,0,0,0,0,0,0,0,109,0,0,0,0,0,0,0,0,0,0,0,0,0,0,0,380,0,0,0,0,0,0,0,0,0,0,0,0,0,0,0,0,0,0,0,0,0,0,0,0,0,0,0,0,0,0,0,0,0,0,0,0,0,0,0,0,0,0,0,0,0,0,0,0,0,0,0,0,0,0,0,0,0,190,0,6,0,0,0,0,59,0,0,0,0,0,0,18,0,0,0,0,0,0,0,0,0,0,0,0,13,0,0,0,0,0,0,0,58,0,0,0,0,0,0,Eukaryota;Chordata;Chondrichthyes;Carcharhiniformes;Triakidae;Galeorhinus;Galeorhinus galeus
0,0,0,0,0,0,0,0,0,0,0,0,0,2483,0,0,0,0,0,0,0,0,0,0,0,0,0,0,0,1048,0,0,0,0,0,0,32,0,0,0,0,0,43,0,0,0,139,0,0,854,0,0,0,463,0,0,0,1029,0,0,15,67,0,0,0,344,0,161,0,0,1092,138,0,0,0,0,0,0,0,0,0,0,0,0,0,0,0,0,0,0,0,23,0,113,0,0,0,47,0,0,0,0,0,0,0,0,0,0,0,0,0,0,0,0,0,0,0,0,0,0,0,0,0,0,0,0,0,0,0,0,0,0,0,0,0,0,0,0,0,0,0,0,0,0,0,0,0,0,0,0,0,0,0,0,0,0,0,0,0,0,0,0,Eukaryota;Chordata;Actinopteri;;Pomacentridae;Hypsypops;Hypsypops rubicundus
7,9,0,36,38,136,30,4,57,0,0,0,100,14,384,132,2,487,890,899,352,2260,107,0,19390,2753,8607,67,44,5258,56,14,16,132,0,21,9,6,90,37,29,131,23,97,5,1045,1010,0,118,11,0,137,6,24,5,5,40,12,3,28,5,53,24,1414,26,931,10,89,359,140,72,83,304,0,1856,187,5,0,612,75,4,0,10,0,1843,738,12,127,0,310,36,33,19,41,24,88,17,7,94,3,44,32,5,0,20,9,0,11,73,2,69,77,63,656,182,27,0,8,15,0,357,218,39,5,0,201,863,237,35,6,32,19,284,55,42,1414,18,23,147,21,130,1336,261,134,61,42,8,62,22,21,67,5,48,682,81,144,131,83,211,500,145,111,NA
0,0,0,0,0,0,0,0,0,0,0,0,0,0,0,0,0,0,0,0,0,0,0,0,0,0,0,0,0,0,0,0,0,5925,0,0,0,0,0,0,0,0,0,0,0,0,0,0,0,0,0,0,0,0,0,0,0,0,0,0,0,0,0,0,1118,332,15,1618,474,131,199,0,0,0,0,0,0,0,0,0,0,0,0,0,0,0,0,0,0,0,0,0,0,0,0,0,0,0,0,0,0,0,0,0,0,0,0,0,0,0,0,0,0,0,0,0,0,0,0,0,0,0,0,0,0,0,0,0,0,0,0,0,0,0,0,0,0,0,0,0,0,0,0,0,0,0,0,33,0,0,0,0,0,0,0,0,0,0,0,0,0,0,Eukaryota;Chordata;Actinopteri;Myctophiformes;Myctophidae;Triphoturus;Triphoturus mexicanus
0,707,0,0,0,0,678,0,0,0,0,0,1251,40,804,0,838,1229,0,0,0,0,0,0,0,0,0,0,0,0,0,0,0,0,0,0,0,0,0,0,0,0,0,0,0,0,0,0,0,0,0,0,0,0,0,0,0,0,0,0,0,0,0,0,0,0,0,0,0,0,0,0,0,0,0,0,0,0,0,0,0,0,0,0,0,0,0,0,0,0,0,0,0,0,0,0,0,0,0,74,0,0,1214,2750,2352,0,36,158,0,0,0,0,0,0,0,0,0,0,0,0,0,0,0,0,0,0,0,0,0,0,0,0,0,0,0,0,0,0,0,0,0,0,0,0,0,0,0,0,0,0,0,0,0,0,0,0,0,0,0,0,0,0,Eukaryota;Chordata;Actinopteri;Gobiiformes;Gobiidae;Lepidogobius;Lepidogobius lepidus
0,0,0,0,0,0,0,0,0,0,0,0,0,0,0,0,0,0,0,504,0,0,0,0,0,0,0,0,98,0,0,0,0,0,0,0,664,1030,0,70,0,1246,0,0,0,561,0,0,0,0,0,0,19,0,0,0,0,0,0,0,0,0,0,0,0,0,0,0,0,0,0,0,0,0,0,0,0,0,0,0,0,0,0,0,10370,2822,0,0,0,0,0,0,0,0,0,0,0,0,0,0,0,0,0,0,0,0,0,0,0,0,0,0,0,0,0,0,0,0,0,0,0,0,0,0,0,0,0,0,0,0,0,0,0,0,0,0,0,0,0,0,0,0,0,0,0,0,0,3509,0,0,0,2199,0,0,0,0,0,0,0,0,0,0,Eukaryota;Chordata;Actinopteri;Perciformes;Cottidae;Clinocottus;Clinocottus recalvus
0,0,0,0,0,0,0,0,0,0,0,0,2788,0,0,0,0,0,0,0,0,0,0,0,0,0,0,0,0,0,0,0,0,0,0,0,0,0,0,0,0,0,0,0,0,0,0,0,1363,770,223,1420,0,0,0,0,0,0,0,0,0,0,0,0,0,0,817,0,0,0,0,0,0,0,0,0,0,0,0,0,0,0,0,0,0,0,0,0,0,0,21,50,79,0,0,0,0,1006,1518,0,0,0,0,0,26,0,0,0,0,0,0,0,0,0,0,0,0,0,0,0,0,2494,0,0,0,0,5958,0,0,0,0,0,1632,0,0,0,0,0,0,0,0,0,0,0,0,250,0,0,0,0,0,0,0,0,0,0,0,0,0,0,0,43,Eukaryota;Chordata;Actinopteri;Blenniiformes;Gobiesocidae;Gobiesox;Gobiesox rhessodon
0,0,0,0,0,0,0,0,0,0,0,0,0,0,0,0,0,0,0,0,0,0,0,0,0,0,0,0,0,0,0,0,0,0,0,0,0,0,0,0,0,0,0,0,0,0,0,0,0,0,0,0,0,0,170,0,0,0,0,0,0,0,0,0,0,0,0,0,0,0,0,0,0,0,0,0,0,0,0,0,0,0,0,0,0,0,0,0,0,0,106,0,0,0,0,0,0,0,0,0,0,0,0,0,0,0,0,0,0,0,0,0,0,0,0,0,0,0,0,0,0,0,0,0,0,0,0,0,0,0,0,0,0,0,0,0,0,0,0,0,0,0,0,0,0,0,0,0,0,0,0,0,0,0,0,0,0,0,0,0,0,0,Eukaryota;Chordata;Actinopteri;Pleuronectiformes;Paralichthyidae;Citharichthys;
0,0,0,0,0,0,0,0,0,0,0,0,0,0,0,0,0,0,0,0,0,0,0,0,0,0,0,0,0,0,0,0,0,0,0,0,0,0,0,0,0,0,0,0,0,0,0,269,0,0,0,0,0,0,0,0,0,0,0,0,0,0,0,0,0,27,0,0,2545,0,30,0,0,0,0,0,0,0,0,0,0,0,0,0,0,0,0,0,0,0,0,0,0,106,134,501,353,0,0,0,0,0,0,0,0,0,0,0,0,0,0,0,0,0,0,0,0,0,0,0,0,0,0,0,0,0,0,0,0,0,0,0,0,0,0,0,0,0,0,0,0,0,0,0,0,0,0,0,0,0,0,0,0,0,0,0,0,0,0,0,0,0,Eukaryota;Chordata;Actinopteri;Blenniiformes;Labrisomidae;Labrisomus;Labrisomus xanti
0,0,0,0,0,0,0,0,0,0,0,0,0,0,0,0,0,0,0,171,0,0,0,0,0,0,0,0,0,0,0,0,0,0,0,0,0,0,0,0,0,0,0,0,0,0,0,0,0,0,0,0,0,0,0,0,0,0,0,0,0,0,0,0,0,0,0,0,0,0,0,0,0,0,0,0,0,0,0,0,0,0,0,0,0,0,0,0,0,0,0,0,0,0,0,0,0,0,0,0,0,0,0,0,0,0,0,0,0,0,0,0,0,0,0,0,0,0,0,0,0,0,0,0,0,0,0,0,0,0,0,0,0,0,0,1740,335,21,1319,1407,0,3399,343,876,0,0,0,0,0,0,0,0,0,0,0,0,0,0,0,0,0,0,Eukaryota;Chordata;Actinopteri;;Sciaenidae;Roncador;Roncador stearnsii
0,0,0,0,0,0,0,0,0,0,0,0,0,0,0,186,73,0,0,0,0,0,0,0,0,0,0,0,0,0,0,0,0,0,0,0,0,0,0,0,0,0,0,0,0,0,0,0,0,0,0,0,0,0,0,0,0,0,0,0,0,0,0,393,0,0,0,615,0,0,0,0,0,0,0,0,0,0,0,0,0,0,0,0,0,0,0,0,0,0,0,0,0,0,0,0,0,0,0,0,0,0,0,0,0,0,0,0,0,0,0,0,0,0,0,0,0,0,0,0,0,0,0,0,0,0,0,0,0,0,0,0,0,0,0,0,0,0,0,0,0,0,0,0,0,0,0,0,0,0,0,0,0,0,0,0,0,0,0,0,0,0,Eukaryota;Chordata;Actinopteri;Scombriformes;Scombridae;Sarda;Sarda chiliensis
0,0,0,0,0,0,0,0,0,0,0,0,0,0,0,0,0,0,0,0,0,0,0,0,0,0,0,0,0,0,0,0,0,0,0,0,0,0,0,0,0,0,0,0,0,0,0,0,0,0,0,0,0,0,0,0,0,0,0,0,0,0,0,0,0,0,0,0,0,0,0,0,0,0,0,0,0,0,0,0,0,0,0,0,0,0,0,0,0,0,0,0,0,0,0,0,0,0,0,0,0,0,0,0,0,0,0,0,0,0,0,0,0,0,0,0,0,0,0,0,0,0,0,0,0,0,0,0,0,0,0,0,0,0,0,4697,0,2988,201,1014,0,115,55,25,0,0,0,0,0,0,0,0,0,0,0,0,0,0,0,0,0,0,Eukaryota;Chordata;Actinopteri;Beloniformes;Exocoetidae;Fodiator;Fodiator acutus
0,0,0,0,0,0,0,0,0,0,0,0,0,0,0,0,0,0,0,0,0,0,0,0,0,0,0,0,0,0,0,0,0,0,0,0,0,0,0,0,0,0,0,0,0,0,0,0,0,0,0,0,0,0,0,0,0,0,0,0,0,0,0,0,0,0,0,0,0,0,0,0,0,0,0,0,0,0,0,0,0,0,0,0,0,0,0,0,0,0,0,0,0,0,0,0,0,0,0,0,0,0,0,0,0,0,0,0,0,0,0,0,0,0,0,0,0,137,175,174,0,0,0,0,0,0,0,0,0,0,0,0,0,0,0,0,0,0,0,0,0,0,0,0,0,0,0,0,0,0,0,0,0,0,0,0,0,0,0,0,0,0,Eukaryota;Chordata;Chondrichthyes;Carcharhiniformes;Triakidae;Mustelus;Mustelus californicus
44,0,0,0,0,0,0,0,0,0,0,0,0,0,0,0,0,0,0,0,0,0,0,0,0,0,0,0,0,0,0,0,0,0,0,0,0,36,12,0,7,0,0,8,166,0,0,0,0,0,0,0,0,0,883,0,0,879,3013,0,27,1888,0,0,0,0,0,0,0,0,0,0,0,0,0,0,0,0,0,0,0,0,0,0,0,0,0,0,0,0,0,0,0,0,0,0,0,0,0,0,0,0,0,0,0,0,0,0,0,19,0,0,0,0,0,0,0,0,0,0,8,17,16,0,0,0,0,133,0,0,0,0,65,0,0,0,0,0,0,0,0,0,0,0,0,0,0,212,0,0,0,0,0,0,0,0,0,0,0,0,0,0,Eukaryota;Chordata;Actinopteri;Perciformes;Cottidae;Oligocottus;Oligocottus snyderi
0,0,0,0,0,0,0,0,0,0,0,0,0,0,0,0,0,0,0,0,0,0,0,0,0,0,0,0,0,0,0,0,0,0,0,0,0,0,0,0,0,0,0,0,0,0,0,0,0,0,0,0,0,0,0,0,0,0,0,0,0,0,0,0,0,0,0,0,0,0,0,0,0,0,0,0,0,0,0,0,0,0,0,0,0,0,0,0,0,0,0,0,0,0,0,0,0,0,0,0,69,88,0,23,45,0,16,0,0,0,0,0,0,0,0,0,0,0,80,26,0,0,0,0,0,0,0,0,0,0,0,0,0,0,0,0,0,0,0,0,0,0,0,0,0,0,0,0,0,0,0,0,0,0,0,0,0,0,0,0,0,0,Eukaryota;Chordata;Aves;Charadriiformes;Scolopacidae;;
0,0,0,0,0,0,0,0,0,8,50,0,51,0,0,0,0,303,1812,344,1645,7128,511,68,2211,284,681,0,0,0,0,0,0,0,0,0,385,67,1904,407,824,2310,1198,1193,4141,0,10,0,0,215,6,751,36,0,206,254,826,1837,141,3181,506,1672,1654,0,0,0,0,0,0,231,164,713,0,0,0,114,17,0,0,0,0,0,0,0,0,0,0,0,0,0,1393,865,889,1958,622,3065,773,244,262,251,230,328,1225,824,565,758,524,604,193,44,102,0,50,0,0,0,0,693,290,376,376,69,20,1077,380,601,121,79,45,485,3157,2616,141,177,23,0,0,0,203,4,0,26,0,22,0,0,0,0,0,0,0,0,0,3941,864,1279,658,805,3309,2272,715,1923,Eukaryota;Chordata;Chondrichthyes;Carcharhiniformes;Triakidae;Triakis;Triakis semifasciata
0,0,0,0,0,0,0,0,0,0,0,0,0,0,0,0,0,0,0,418,0,0,0,0,0,0,0,0,0,0,0,0,0,0,0,0,0,0,0,0,0,0,0,0,0,0,0,0,0,0,0,0,0,0,0,0,0,0,0,0,0,0,0,0,0,0,0,0,0,0,0,0,0,0,0,0,0,0,0,0,0,0,0,0,0,0,0,0,0,0,0,0,0,0,0,0,0,0,0,0,0,7,0,0,0,0,0,0,0,0,0,0,0,0,0,0,0,0,0,0,0,0,0,0,0,0,0,0,0,0,0,0,0,0,0,130,10,77,64,344,0,831,264,194,0,0,0,0,0,0,0,0,0,0,0,0,0,0,0,0,0,0,Eukaryota;Chordata;Actinopteri;Beloniformes;Belonidae;Strongylura;Strongylura exilis
104,1383,0,0,262,0,410,48,0,0,186,0,0,1475,0,0,0,627,0,398,0,0,0,0,0,0,0,0,0,30,0,0,0,0,0,0,14401,13323,21594,7334,41116,36711,10828,18593,10399,0,1147,0,999,211,0,1512,822,0,10990,11130,73503,6170,15305,7374,9912,10437,5305,406,0,0,0,0,1069,0,0,0,3802,0,198,0,0,0,13123,0,0,1645,0,0,0,0,17150,0,0,0,0,0,0,0,0,0,0,0,0,4562,9972,1613,2519,3914,5614,2027,2240,5999,0,0,0,0,0,0,0,9547,0,10914,18763,20379,0,0,0,35388,17887,27738,0,0,0,17581,18171,12069,0,0,0,0,413,17,10563,2771,0,2465,754,25,0,0,0,0,0,0,0,0,0,0,0,0,0,0,0,952,0,3,Eukaryota;Chordata;Actinopteri;Clupeiformes;Clupeidae;Sardinops;Sardinops sagax
0,0,0,0,0,0,0,0,0,0,0,0,0,0,0,0,0,0,0,0,0,0,0,0,0,0,0,0,0,0,0,0,0,0,0,0,0,0,0,0,0,0,0,0,0,0,0,0,0,0,0,0,0,0,0,0,0,0,0,0,0,0,0,0,0,0,0,0,0,0,0,0,0,0,0,0,0,0,0,0,0,0,0,0,0,0,0,0,0,0,0,0,0,0,0,0,0,0,0,0,0,0,0,0,0,0,0,0,0,0,0,0,0,0,0,0,0,0,0,0,0,0,0,0,970,0,0,0,0,0,0,0,0,0,0,0,0,0,0,0,0,0,0,0,0,0,0,0,0,0,0,0,0,0,0,0,0,0,0,0,0,0,Eukaryota;Chordata;Actinopteri;Scombriformes;Stromateidae;Peprilus;Peprilus simillimus
0,0,0,0,0,0,0,0,0,0,0,0,0,0,0,0,0,0,0,0,0,0,0,0,0,0,0,0,0,0,0,0,0,14,0,0,0,0,7,0,3,0,0,0,0,0,0,0,0,0,0,0,0,0,0,0,0,0,0,0,0,0,0,0,0,0,0,0,0,0,0,0,0,0,0,0,0,0,3,0,0,0,0,0,0,0,0,0,0,0,0,0,0,0,0,0,0,0,0,0,0,0,0,0,0,0,0,0,0,0,0,84,44,0,0,0,0,0,0,0,0,0,0,0,0,0,41,0,0,0,0,0,0,0,5,0,0,0,0,0,0,0,0,0,0,0,0,2,0,18,0,0,0,73,0,11,0,0,0,5,0,0,Eukaryota;Chordata;Aves;Pelecaniformes;Phalacrocoracidae;Urile;Urile pelagicus
0,0,0,0,0,0,0,0,0,0,104,1875,0,908,0,1474,0,893,0,0,0,0,0,0,0,0,0,0,0,0,0,0,0,0,0,0,0,0,0,0,0,0,0,0,0,0,0,0,0,0,0,0,0,0,0,0,0,0,0,0,0,0,0,0,0,0,0,0,0,0,0,0,0,0,0,0,0,0,0,0,0,0,0,0,0,0,0,0,0,0,0,0,0,13,0,13,656,0,0,0,0,0,0,0,0,0,0,0,0,0,0,0,0,0,0,0,0,0,0,0,0,0,0,0,0,0,0,0,0,0,0,0,0,0,0,0,0,0,0,0,0,0,0,0,0,0,0,0,0,0,0,0,0,0,0,0,0,0,0,0,0,0,Eukaryota;Chordata;Actinopteri;Clupeiformes;Dussumieriidae;Etrumeus;Etrumeus teres
0,0,0,0,0,0,0,0,0,0,0,0,0,0,0,0,0,0,0,0,0,0,0,0,0,0,0,0,0,0,0,0,0,0,0,0,0,0,0,0,0,0,0,0,0,0,0,0,0,0,0,0,0,0,3030,135,5458,3501,143,13323,3109,5532,5350,0,0,0,0,0,0,0,0,0,0,0,0,0,0,0,0,0,0,0,0,0,0,0,0,0,0,0,0,0,0,0,0,0,0,0,0,338,94,395,193,0,293,105,35,0,0,0,0,0,0,0,0,0,0,1735,742,532,0,0,0,2512,2617,3247,0,0,0,763,5997,5656,0,0,0,0,0,0,0,0,0,0,0,31,0,0,0,0,0,0,0,0,0,0,0,0,0,0,0,0,0,0,Eukaryota;Chordata;Mammalia;Artiodactyla;Delphinidae;Tursiops;Tursiops truncatus
0,0,0,0,6,9,0,0,63,0,0,0,0,0,0,0,0,0,0,0,0,0,0,0,0,0,0,0,0,0,0,18,0,0,0,0,0,0,0,0,0,0,0,11,0,0,0,0,0,0,0,0,0,0,0,0,0,0,0,0,0,0,0,0,0,0,0,0,0,17,0,0,21,0,0,19,0,0,0,0,0,0,0,0,0,0,0,0,0,0,0,0,0,0,0,0,0,0,0,0,0,0,0,0,0,0,0,0,0,0,0,0,0,0,0,0,0,0,0,0,0,0,0,0,0,0,0,0,0,0,0,0,0,0,0,0,0,0,0,0,0,0,0,0,0,0,0,0,0,0,0,0,0,0,38,0,0,29,0,44,203,0,Eukaryota;Chordata;Actinopteri;Gobiiformes;Gobiidae;Rhinogobiops;Rhinogobiops nicholsii
1242,2652,1168,1291,1101,1296,2097,2619,4742,563,3288,3863,1063,299,234,6028,179,2273,0,2017,0,0,0,0,0,0,0,349,168,3353,302,45,327,684,872,0,896,1122,716,98,0,886,23,0,71,2380,679,20,0,5572,1079,1724,96,577,1013,892,760,1055,1077,2694,1585,667,1196,557,12,285,0,0,2306,439,477,2026,1166,0,1652,1215,581,1428,0,3943,124,5744,971,0,8366,459,11962,0,0,6257,1685,1190,1534,2186,3633,12124,1554,779,1987,1192,4831,2843,1626,2052,1564,1543,1850,1564,4563,2796,0,0,7642,11722,0,47,0,0,0,388,11,1351,464,0,0,0,4289,1208,985,0,0,195,2712,0,4379,0,0,0,0,0,0,0,0,0,0,0,0,1734,0,0,2276,1154,9809,3448,743,145,1670,1554,2254,1362,4522,1134,Eukaryota;Chordata;Actinopteri;Blenniiformes;Clinidae;Gibbonsia;
0,0,0,0,0,0,0,0,3134,0,0,0,4015,0,0,283,30,0,2066,662,0,895,0,0,0,0,0,0,0,0,0,0,0,0,0,0,0,0,0,0,0,0,0,0,0,0,0,0,0,0,0,0,0,0,740,1172,258,2006,71,4303,2122,4000,2370,0,0,0,0,0,0,0,0,0,0,0,0,0,0,0,0,0,0,0,0,0,0,0,0,0,0,0,0,0,0,0,0,0,110,46,326,4173,4363,3417,2215,6460,2864,2779,2186,8180,0,0,0,0,0,0,0,0,0,3191,1371,7005,0,0,0,14891,5436,3397,0,0,0,2303,7255,3079,0,0,0,18603,3471,1392,10700,5666,0,6671,2134,2708,0,1150,0,0,0,0,0,0,0,0,0,0,0,0,0,0,2599,0,Eukaryota;Chordata;Actinopteri;;Sciaenidae;Menticirrhus;Menticirrhus undulatus
0,0,0,0,0,0,0,0,0,0,0,0,0,0,0,0,0,0,0,0,0,0,0,0,0,0,0,0,0,0,0,0,0,0,0,0,0,0,0,0,0,0,0,0,0,0,0,0,0,0,0,0,0,0,0,0,0,0,0,0,0,0,0,0,0,0,0,0,0,0,0,0,0,0,0,0,0,0,0,0,0,0,0,0,0,0,0,0,0,0,0,0,0,0,0,0,0,0,0,0,0,0,0,1212,466,0,0,0,0,0,0,0,0,0,0,0,0,0,0,0,0,0,0,0,0,0,0,0,0,0,0,0,0,0,0,0,0,0,0,0,0,0,0,0,0,0,0,0,0,0,0,0,0,0,0,0,0,0,0,0,0,0,Eukaryota;Chordata;Actinopteri;Centrarchiformes;Kyphosidae;Kyphosus;Kyphosus analogus
0,0,0,5,0,0,3,1819,1751,0,0,0,0,0,0,0,0,0,0,27,0,0,108,0,0,0,0,0,0,0,0,0,0,0,0,0,0,0,0,0,0,0,0,0,0,22,0,0,2431,1253,5,0,0,0,0,0,0,0,0,0,0,0,0,0,0,0,0,0,0,0,6,0,1300,25,2618,144,188,1763,1540,424,181,0,0,0,0,0,0,0,0,0,0,0,0,0,0,0,0,0,0,0,649,0,6,0,0,4,319,0,0,0,0,0,0,0,0,0,0,0,0,0,0,0,0,0,0,0,0,0,0,0,0,0,0,0,0,38,0,0,0,46,0,0,0,0,0,0,0,0,0,0,0,0,0,4221,376,1522,265,206,996,573,282,109,Eukaryota;Chordata;Chondrichthyes;Heterodontiformes;Heterodontidae;Heterodontus;Heterodontus francisci
0,0,0,0,0,0,0,0,0,0,0,0,0,0,0,0,0,0,0,0,0,0,0,0,0,0,0,0,0,0,0,0,0,0,0,0,0,0,0,0,0,0,0,0,0,0,0,0,0,0,0,0,0,0,0,0,0,0,0,0,0,0,0,0,0,0,0,0,0,0,0,0,0,0,0,0,0,0,0,0,0,0,0,0,0,0,0,0,0,0,0,0,0,0,0,0,0,0,262,121,0,95,0,0,0,0,40,12,0,0,0,0,0,0,0,0,0,0,0,0,0,0,0,0,0,0,0,0,0,0,0,0,0,0,0,0,0,0,0,0,0,0,0,0,0,0,0,0,0,0,0,0,0,0,0,0,0,0,0,0,0,0,Eukaryota;Chordata;Actinopteri;Aulopiformes;Synodontidae;Synodus;Synodus lucioceps
856,1806,2087,2561,1902,3421,3156,7041,6261,0,0,0,0,0,0,0,0,0,52,1522,0,0,0,0,0,0,0,5878,9329,691,593,26,1943,281,577,0,2337,2585,0,354,840,1770,408,703,0,3170,2973,5489,832,1698,2344,1029,757,1019,195,0,7020,2967,7010,9396,36376,53516,22603,0,0,0,0,0,0,0,0,0,14100,557,1631,3192,409,746,8288,5368,14399,0,110,4013,20526,2269,17578,16227,0,0,1190,2060,2601,3622,4213,12244,2197,1011,4257,4824,6105,2030,1396,2396,1774,5425,7089,16846,0,0,12138,0,11607,9246,0,0,0,0,0,0,0,0,0,2022,0,0,4390,3894,8196,0,0,0,1999,37,9731,0,346,386,0,0,0,0,0,0,105,0,0,163,4471,64,0,1565,6139,13004,1479,5118,3992,4106,14595,7248,10325,3493,Eukaryota;Chordata;Actinopteri;;Embiotocidae;Embiotoca;Embiotoca jacksoni
0,0,0,0,0,0,0,0,0,0,0,0,1,0,0,0,0,0,0,0,0,0,0,0,0,0,0,0,0,0,0,0,0,0,0,0,0,0,0,0,0,0,0,0,0,0,0,0,0,0,0,0,0,0,0,0,0,0,0,0,0,0,0,0,0,0,0,0,0,0,0,0,0,0,0,0,0,0,0,0,0,0,0,0,0,0,0,0,0,0,0,0,0,0,0,0,0,0,0,0,0,0,0,0,0,0,0,7,0,0,0,0,0,0,0,0,0,0,0,0,0,0,0,0,0,0,0,0,0,1,0,0,0,0,0,13,1,0,20,0,0,0,0,0,0,0,0,0,0,0,0,0,0,0,0,0,0,0,0,0,0,0,Eukaryota;Chordata;Actinopteri;;Sciaenidae;;
0,0,0,66,0,678,0,0,0,0,0,0,0,0,0,0,0,0,0,0,0,0,0,0,0,0,0,0,0,0,0,5337,0,0,0,0,0,0,0,0,0,0,0,0,0,0,0,0,0,0,0,0,0,0,0,0,0,0,0,0,0,0,0,0,0,0,0,0,0,0,0,0,0,0,0,0,692,0,0,0,0,0,0,0,0,0,0,0,0,0,0,0,0,0,0,0,0,0,0,0,0,0,0,0,0,0,0,0,0,0,0,0,0,0,0,0,0,0,0,0,0,0,0,0,0,0,0,0,1311,0,0,0,0,0,0,0,0,0,0,0,0,0,0,0,0,0,0,0,0,0,0,0,0,0,0,1790,0,0,0,0,0,1260,Eukaryota;Chordata;Actinopteri;Perciformes;Pholidae;;
209,236,231,8,0,25,56,32,103,778,447,765,428,11,21,7744,2011,20260,36,0,225,0,50,0,197,13,0,7791,5172,1578,3489,1077,517,2023,4,0,294,195,3673,2405,1515,15675,4,28,220,3,34,8,2056,1217,108,882,225,175,0,28,187,0,0,1586,0,0,464,408,268,2771,325,2399,9830,688,2149,1298,394,5,304,134,45,172,0,544,45,0,161,4,225,363,0,599,0,73,888,177,117,308,228,1081,427,275,621,496,330,821,80,96,173,600,372,583,1811,0,0,66,0,78,0,60,0,195,66,72,2723,448,533,85,60,22,2564,487,84,21,0,0,893,248,330,1030,6,67,886,322,0,466,60,352,423,419,196,332,150,979,14,9,0,7,115,8,493,636,1174,523,354,751,Eukaryota;Chordata;Mammalia;Primates;Hominidae;Homo;Homo sapiens
0,1182,0,50,0,1299,0,42,0,0,0,0,5068,1756,676,4457,2661,0,6324,0,0,10414,14,1584,0,0,0,0,0,0,0,0,0,0,0,0,0,0,0,65,0,1345,402,706,430,61,0,0,1596,10964,2882,2811,13,494,1180,0,6352,1138,4582,0,0,2658,554,0,0,0,0,0,0,0,0,502,2037,0,0,2225,453,0,0,0,0,0,0,0,0,0,0,0,0,0,190,315,44,0,0,0,123,0,527,587,67,593,333,1445,578,270,644,65,0,0,0,0,3924,0,0,0,0,3444,4859,10790,0,0,0,6316,12234,9581,182,0,0,9072,5272,3614,0,0,0,0,989,0,0,0,0,0,0,0,0,0,0,0,0,0,0,0,0,6570,0,0,673,100,2840,3674,1932,5260,Eukaryota;Chordata;Actinopteri;Atheriniformes;Atherinopsidae;Leuresthes;Leuresthes tenuis
0,0,0,0,0,0,421,892,0,0,0,0,0,0,0,0,0,0,0,0,0,0,0,0,0,0,0,0,0,0,0,0,0,0,0,0,0,0,0,0,0,0,0,0,0,0,0,0,0,0,0,0,0,0,0,0,0,0,0,0,0,0,0,0,0,0,0,0,0,0,0,0,0,0,0,0,0,0,0,0,0,0,0,0,0,0,0,0,0,0,0,0,0,0,0,0,0,0,0,0,0,0,0,0,0,0,0,0,0,0,0,0,0,0,0,0,0,0,0,0,0,0,0,0,0,0,0,0,0,0,0,0,0,0,0,0,0,0,0,0,0,0,0,0,0,0,0,0,0,0,0,0,0,0,0,0,0,0,0,0,0,0,Eukaryota;Chordata;Actinopteri;Perciformes;Stichaeidae;Anoplarchus;
0,0,0,0,0,0,0,0,0,0,0,0,0,0,0,0,0,0,0,0,0,0,0,0,0,0,0,0,0,0,0,0,0,0,0,0,0,0,0,0,0,0,0,0,0,0,0,0,0,0,0,0,0,0,0,0,0,0,0,0,0,0,0,0,0,0,0,0,0,7,0,0,0,0,0,0,0,0,0,0,0,0,0,0,0,0,0,0,0,0,0,0,0,0,0,0,0,0,0,0,0,0,0,0,0,0,0,0,0,0,32,0,56,676,0,0,0,0,0,0,0,0,0,0,0,0,0,0,0,0,0,0,0,0,0,0,0,0,0,0,0,0,0,0,0,0,0,0,0,0,0,0,0,0,39,0,0,0,0,0,0,0,Eukaryota;Chordata;Actinopteri;Ophidiiformes;Ophidiidae;Chilara;Chilara taylori
1208,0,0,292,0,1259,0,0,560,0,0,0,0,0,0,0,0,0,0,0,85,4136,49,0,0,0,865,0,2919,0,0,0,66,0,0,0,85,0,2494,634,265,0,105,0,0,0,0,0,0,0,0,0,0,0,2180,0,5737,279,0,3079,704,13890,1292,0,0,0,0,0,0,0,0,0,0,963,2326,7267,572,1312,0,1631,50,0,8,0,6476,62,23688,16626,0,0,0,0,385,0,0,0,0,0,1725,1621,1185,352,294,1027,103,672,894,158,0,0,0,0,0,0,0,0,0,0,0,0,2536,413,354,0,0,0,3489,1581,1238,0,0,0,1567,0,0,0,0,55,0,0,0,0,0,0,8,0,0,4551,0,0,0,0,0,211,0,64,72,0,126,249,0,6,Eukaryota;Chordata;Actinopteri;;Embiotocidae;Micrometrus;Micrometrus minimus
0,0,0,270,177,1003,0,268,848,0,0,0,0,0,0,0,0,0,0,2794,0,0,44,0,0,24,0,19748,1314,0,19585,11630,3254,0,931,0,0,912,0,0,406,0,369,0,1923,1002,1895,2008,1853,4192,0,2581,312,911,0,0,4317,0,610,0,0,0,0,0,0,0,0,0,0,0,0,0,2201,0,2341,2615,671,480,12898,2873,2993,0,0,0,0,2865,9821,0,0,0,657,0,182,37,0,0,0,0,0,0,0,0,0,0,0,0,0,0,0,0,0,0,0,0,0,0,0,0,0,15,58,60,0,0,0,0,1089,0,0,0,0,0,0,0,0,0,0,0,0,0,0,0,0,0,5181,3770,615,2459,0,2508,3484,4081,1764,0,0,0,0,0,0,1135,1316,1567,Eukaryota;Chordata;Actinopteri;Labriformes;Labridae;Halichoeres;Halichoeres californica
288,105,2774,337,509,98,394,73,2184,0,0,0,2817,1360,1073,262,1096,1196,0,621,0,0,0,0,0,0,0,6845,9589,0,3567,3739,1007,150,3451,4849,0,0,0,0,0,0,590,0,0,178,86,8770,760,1867,7,1409,151,471,0,0,0,0,0,1308,0,1297,1294,0,481,71,708,989,929,0,162,0,9373,3171,101,3907,782,1810,7143,3275,7193,0,0,7381,463,2505,0,0,0,0,6001,8278,3867,4111,3084,8469,2043,4245,4470,930,7213,813,2503,1768,4000,518,1472,2568,0,1114,0,0,0,0,0,0,0,0,0,0,0,0,0,0,0,0,58,31,0,0,776,0,2459,0,36,0,0,0,0,0,0,0,67,0,39,14,3054,0,553,1082,0,0,0,6058,449,150,2105,1723,3836,1347,458,101,Eukaryota;Chordata;Actinopteri;Blenniiformes;Clinidae;Heterostichus;Heterostichus rostratus
0,0,0,0,0,0,0,0,0,0,0,0,0,0,0,153,42,0,0,0,0,0,0,0,0,0,0,0,0,0,57,0,29,517,0,0,0,0,0,0,0,0,0,0,0,0,214,11138,1613,853,0,0,0,0,166,0,0,0,0,0,0,0,0,575,60,193,0,0,0,0,0,0,0,0,0,0,0,0,0,0,0,0,0,0,9281,228,0,0,0,0,0,0,433,0,671,1954,221,0,0,1827,675,0,1738,48,1252,293,252,551,0,0,0,0,0,0,0,0,0,0,0,0,0,0,0,0,0,1903,0,0,0,0,0,0,0,0,10,0,0,0,0,0,0,0,0,1893,0,0,0,0,0,0,0,0,0,0,0,0,0,0,86,0,0,0,Eukaryota;Chordata;Actinopteri;Blenniiformes;Blenniidae;Hypsoblennius;Hypsoblennius jenkinsi
0,0,0,0,0,0,0,0,0,0,0,0,0,64,1119,822,0,0,0,0,0,0,0,0,0,0,0,0,0,0,0,0,0,0,0,0,0,0,0,0,0,0,0,0,0,0,0,0,0,0,0,0,0,0,0,0,0,0,0,0,0,0,207,427,209,0,269,1575,12877,211,392,1623,0,0,0,0,0,0,0,0,0,0,0,0,0,0,0,0,0,0,0,0,910,654,174,0,155,169,2079,6,122,725,129,38,0,317,80,626,0,0,0,0,0,0,0,0,0,309,0,0,0,0,0,0,0,0,0,0,0,0,0,0,0,0,0,584,0,0,20,0,0,0,174,3,0,0,0,0,0,0,0,0,0,0,0,0,0,0,0,0,0,0,Eukaryota;Chordata;Chondrichthyes;Pristiformes/Rhiniformes group;Rhinobatidae;Pseudobatos;Pseudobatos productus
0,0,0,597,73,0,738,0,222,131,0,0,0,1694,1313,3421,818,2584,0,0,0,8943,0,0,0,0,0,0,0,8189,0,74,0,905,0,0,0,0,0,0,0,0,0,0,0,0,3866,46,70,48,7,4504,160,1860,0,0,0,0,0,0,0,0,0,0,0,0,0,289,126,74,0,0,134,0,0,72,0,0,601,1513,25,0,0,0,0,0,0,0,0,0,110,88,495,460,1069,2835,341,649,421,52,2635,0,0,458,0,408,0,84,0,0,0,0,0,0,0,0,0,0,0,0,0,0,0,0,0,0,0,0,0,0,0,0,0,0,0,0,0,0,0,0,0,0,0,0,0,2922,0,0,0,79,0,3296,0,1679,7,0,2,0,0,0,0,0,Eukaryota;Chordata;Actinopteri;Labriformes;Labridae;Bodianus;Bodianus pulcher
0,0,0,0,0,0,0,0,0,0,0,0,145,55,553,170,99,0,0,350,120,0,0,0,0,0,0,0,0,0,0,0,0,0,0,0,0,0,0,0,0,0,0,0,0,525,2152,39,192,0,1313,6875,693,1282,0,0,0,0,0,0,0,0,0,2866,566,2859,594,1112,3865,1914,1571,2429,2450,1174,2048,0,29,0,4793,1978,10345,1397,0,0,14397,0,0,198,0,6580,436,644,1741,1706,548,1834,2356,69,3371,1421,1462,526,608,473,2524,490,621,651,0,0,0,0,0,0,0,0,0,16,0,0,0,0,0,0,0,0,0,0,25,0,0,0,0,0,0,0,0,0,0,0,0,0,0,0,0,0,0,2060,0,0,0,0,0,0,0,0,1116,0,0,0,0,776,Eukaryota;Chordata;Actinopteri;Perciformes;Serranidae;Paralabrax;Paralabrax clathratus
0,0,425,17,0,54,0,877,0,0,0,19,0,0,0,0,0,0,0,413,0,0,0,0,0,0,0,0,0,0,0,0,0,0,0,0,0,0,0,0,0,0,310,609,128,0,0,0,1337,0,0,0,0,0,55,2843,0,0,0,0,1421,1500,537,0,0,0,0,0,0,0,0,0,0,0,0,0,43,0,0,1265,0,0,0,0,0,280,25,201,0,38,151,0,0,0,0,0,0,0,0,1125,3665,1186,455,668,3088,963,742,1142,0,0,0,0,0,0,0,0,0,0,0,0,3134,0,0,0,0,0,0,0,12,0,0,0,0,54,22,113,0,0,0,0,0,0,0,0,0,0,0,0,0,0,0,0,0,405,170,45,40,0,3263,1133,1488,386,Eukaryota;Chordata;Actinopteri;Blenniiformes;Blenniidae;Hypsoblennius;Hypsoblennius gilberti
0,0,0,0,0,0,0,0,0,69,0,0,0,838,0,0,0,267,0,0,0,0,0,0,0,0,0,0,0,0,0,0,0,0,0,0,0,0,0,0,0,0,0,0,0,0,0,0,0,0,0,2106,0,41,0,0,0,0,0,0,0,0,0,111,0,0,41,173,3410,753,29,45,0,0,0,0,0,0,0,0,0,0,0,0,0,0,0,0,0,0,13999,16786,12723,5560,8503,25974,2952,2810,9063,136,1479,273,0,347,0,25,0,56,0,0,0,0,0,0,0,0,0,0,0,0,0,0,0,0,0,0,0,0,0,0,0,460,0,0,0,0,0,0,0,0,0,0,0,30,0,0,0,0,0,0,0,0,0,0,0,0,0,0,0,0,0,0,Eukaryota;Chordata;Actinopteri;Lutjaniformes;Haemulidae;Anisotremus;Anisotremus davidsonii
714,0,0,0,520,740,554,8,0,0,1104,0,0,0,0,0,1549,0,3825,7398,4683,10825,13118,7922,1578,2352,10632,2124,118,0,0,100,0,0,0,0,0,47,626,3320,14311,14450,3668,5091,2748,11502,7361,16803,44152,47578,33819,36853,12500,23338,860,0,0,3136,21336,2123,3610,6803,2378,13782,24553,12212,10685,26843,89756,30219,21649,21579,25092,8002,14045,32197,6956,19060,45388,10129,21562,740,0,741,12608,337,25,0,0,0,180,0,0,0,0,98,0,0,1963,13150,29219,8992,8710,9443,9236,11700,8402,29336,2419,490,8026,51623,3242,34816,9227,3,0,272,3462,1856,2528,19,6108,5674,102,2364,335,0,1238,4051,3423,1114,2500,0,6304,0,0,0,0,0,0,0,0,0,91,74,598,0,0,0,0,0,0,0,0,80,682,104,932,208,0,1128,Eukaryota;Chordata;Actinopteri;Clupeiformes;Engraulidae;Engraulis;Engraulis mordax
560,3191,4737,1765,585,2558,1479,7552,2207,88,0,0,0,0,0,0,289,0,0,872,0,0,0,0,0,0,0,0,0,737,0,0,435,0,1452,0,2021,908,792,43,30,289,0,46,864,0,2094,3087,0,0,0,0,0,0,2370,418,2186,0,0,0,1254,0,874,0,0,0,0,0,0,0,0,0,4153,0,909,0,0,22,0,0,0,474,0,0,506,3149,26030,20486,0,0,0,0,383,0,0,0,0,0,0,71,2352,402,1721,1039,791,344,485,3778,7441,290,19274,0,0,2879,0,0,0,0,0,0,0,6608,42,0,0,0,217,904,1134,0,0,0,109,8,1426,0,0,0,0,0,0,0,0,0,0,0,0,2346,0,698,0,0,0,3916,1302,2995,2131,48,454,3792,3105,534,Eukaryota;Chordata;Actinopteri;Perciformes;Sebastidae;Sebastes;
0,0,0,0,0,0,0,0,0,0,0,0,0,168,0,0,0,0,0,0,0,0,0,0,0,0,0,0,0,0,0,0,0,0,0,0,0,0,0,0,0,0,0,0,0,0,0,0,0,0,283,0,0,0,0,0,0,0,0,0,0,0,0,342,0,0,392,896,10952,1409,0,655,0,0,0,0,0,0,0,0,0,0,0,0,0,0,0,0,0,0,1323,303,2178,846,938,3129,0,0,0,892,929,197,718,1435,339,123,50,378,0,0,0,0,0,0,0,0,0,118,433,0,0,0,0,288,0,0,0,0,0,176,309,150,0,0,0,0,0,0,0,0,0,0,0,0,0,0,0,0,0,0,0,0,0,0,0,0,0,0,0,0,0,0,Eukaryota;Chordata;Actinopteri;Mugiliformes;Mugilidae;Mugil;Mugil cephalus
0,0,0,0,0,0,0,0,0,0,0,0,0,501,0,3294,1960,3578,0,732,0,0,0,0,0,0,0,323,0,0,0,0,0,0,0,0,1026,4620,2370,2291,3666,1348,684,27,0,0,807,0,916,2011,0,268,0,2679,0,0,0,0,0,0,856,0,0,0,0,0,0,0,0,800,217,0,0,0,0,0,0,0,0,0,0,0,0,0,0,0,0,0,0,0,135,23,438,127,36,0,0,0,290,0,0,0,0,0,0,177,0,0,0,82,0,0,8630,0,0,0,0,0,0,0,0,0,0,0,0,0,3348,0,0,0,0,0,0,0,12,0,0,0,0,0,0,0,0,0,0,0,0,0,0,0,0,0,0,0,0,0,0,0,0,0,0,0,Eukaryota;Chordata;Actinopteri;Perciformes;Cottidae;Clinocottus;Clinocottus analis
0,0,0,0,0,0,0,0,0,9331,23,0,1225,2046,1729,1039,739,2178,0,434,0,0,0,0,0,0,0,0,0,0,0,0,0,0,0,0,0,0,0,0,0,0,0,0,0,0,0,0,0,94,301,0,0,0,0,0,0,0,0,0,0,0,0,116,169,100,0,1218,1204,389,122,144,0,0,0,0,0,0,0,0,0,0,0,0,0,0,0,0,0,0,219,98,75,195,224,776,0,0,131,687,1684,909,49,454,259,491,241,1240,0,0,0,0,0,0,0,0,0,0,268,246,476,0,0,0,0,267,214,0,16,386,55,362,526,0,0,11402,3174,1791,7163,1253,0,6576,2698,3608,0,0,0,0,0,0,0,0,0,0,0,8,0,0,0,0,0,11,Eukaryota;Chordata;Actinopteri;;Sciaenidae;Umbrina;Umbrina roncador
0,0,0,0,0,0,0,0,0,0,0,0,1126,0,0,0,0,847,0,0,0,0,0,0,0,0,0,0,0,0,0,0,0,0,0,0,0,0,0,0,0,0,0,0,0,0,0,0,117,146,0,57,0,625,0,0,0,0,0,0,0,0,0,547,701,301,28,0,357,876,157,158,0,0,0,0,0,0,0,0,0,0,0,0,0,0,0,0,0,0,7169,8051,6586,3018,3112,9220,1288,68,7613,0,0,0,0,0,0,0,0,0,0,0,0,0,0,0,0,0,0,0,0,0,0,0,0,0,0,0,0,0,0,0,0,0,0,0,0,0,0,0,0,0,0,0,0,0,0,0,0,0,0,0,0,0,0,0,0,0,0,0,0,0,0,0,Eukaryota;Chordata;Actinopteri;Lutjaniformes;Haemulidae;Brachygenys;Brachygenys californiensis
0,74,0,341,160,412,576,0,2449,0,0,0,0,0,0,0,0,0,0,0,0,0,0,0,0,0,0,8749,0,3714,0,0,0,0,0,0,315,9567,2390,599,5238,8238,3624,1788,1412,0,0,0,0,0,0,0,0,0,0,57,2238,2925,0,0,281,1229,1126,0,0,0,0,0,0,0,0,0,0,0,0,2942,0,0,0,0,22,0,0,0,61,0,0,0,0,0,0,0,0,0,0,0,0,0,0,0,68,121,158,299,0,0,0,0,324,0,0,0,9772,0,0,0,0,0,0,0,45,1790,0,0,0,0,1090,0,0,0,1188,0,0,141,0,0,0,0,0,0,0,0,0,0,0,0,52,2334,955,2372,4888,468,997,0,217,1013,0,642,82,0,10,10,Eukaryota;Chordata;Actinopteri;Perciformes;Cottidae;Scorpaenichthys;Scorpaenichthys marmoratus
0,0,90,48,267,1287,0,0,209,4228,2109,0,0,0,0,0,0,0,0,0,0,0,0,0,0,0,0,0,0,0,0,0,0,0,0,0,0,0,0,0,0,0,0,0,32,0,92,0,0,0,0,2493,0,1100,593,0,898,0,0,0,0,0,0,2705,7554,4462,2341,5848,18462,7328,3262,3264,0,0,0,0,0,0,0,0,0,0,0,0,0,0,0,0,0,0,0,0,0,0,0,0,0,0,0,76,2246,0,0,0,0,83,0,0,37,0,0,0,0,0,12896,5,0,0,0,1457,0,0,0,0,0,1651,0,0,0,0,0,0,0,0,0,0,0,0,0,0,0,0,0,0,0,0,0,0,0,0,0,0,0,0,0,17,0,0,0,0,0,0,Eukaryota;Chordata;Actinopteri;Scombriformes;Scombridae;Scomber;Scomber japonicus
0,0,0,0,0,0,0,0,0,8,0,0,0,0,0,0,0,0,0,0,0,0,0,0,0,0,0,0,96,0,497,36,0,213,0,0,35,40,232,500,263,4766,507,418,3000,0,0,0,0,0,0,0,0,0,217,0,1899,0,0,0,0,0,15,0,0,0,0,0,0,0,0,0,295,26,282,0,0,209,0,0,52,0,0,0,0,0,0,0,0,0,0,0,0,0,0,0,0,0,0,0,0,14,20,45,108,88,4,545,127,0,0,0,0,0,0,0,0,0,0,0,0,8,32,0,0,0,428,95,0,0,0,0,113,86,0,0,0,0,0,0,0,0,0,0,0,0,0,58,0,0,244,0,0,102,0,163,28,0,5,69,46,23,Eukaryota;Chordata;Mammalia;Carnivora;Phocidae;Phoca;
0,0,0,0,0,0,0,0,134,0,0,0,0,0,0,0,0,0,0,301,0,0,0,0,0,0,0,8109,0,3678,0,0,102,0,0,0,886,0,691,0,0,0,0,0,0,374,170,0,165,0,0,4134,0,0,0,0,0,0,0,0,0,0,0,0,0,1031,0,0,0,0,0,0,0,806,887,82,0,0,0,0,15,0,0,0,0,0,0,0,0,100,2656,3421,4054,2513,2630,7730,3356,1846,3414,1114,1030,0,379,433,51,278,312,0,268,0,7837,15970,37720,14445,0,0,0,0,0,0,0,0,0,0,0,0,0,0,0,0,0,0,0,0,1439,0,0,0,0,0,0,0,0,0,0,0,0,0,0,0,0,0,0,0,0,0,0,0,0,0,0,0,Eukaryota;Chordata;Actinopteri;Gobiiformes;Gobiidae;Typhlogobius;Typhlogobius californiensis
61,1534,116,1029,1035,3683,2272,1983,3867,0,0,0,0,0,0,0,0,0,0,245,0,0,0,0,0,0,0,0,4672,0,0,0,0,0,0,0,0,705,16,2844,30007,8864,1064,4206,2356,0,453,0,0,0,0,0,0,0,0,0,0,0,0,0,28,0,0,466,2112,919,0,0,0,41,0,0,0,0,0,0,0,0,0,0,0,0,0,0,0,0,0,0,0,0,0,0,0,0,0,0,0,0,0,0,0,0,0,0,0,0,0,0,0,0,0,0,0,0,0,211,0,0,0,0,0,0,0,0,0,0,0,0,0,0,0,0,0,0,0,0,0,0,0,0,0,0,0,0,0,0,0,0,0,0,0,0,0,16208,4102,7674,3627,5460,5388,4278,3179,2187,Eukaryota;Chordata;Actinopteri;;Embiotocidae;Cymatogaster;Cymatogaster aggregata
32295,68124,38020,37578,45478,72506,27186,58308,71533,64975,26801,11948,20638,19315,12646,33563,10294,29660,58566,43455,23545,60605,28355,19253,80590,21414,28773,2074,6512,0,3679,60,0,955,0,8637,9945,19108,16977,18734,71490,78564,17767,24266,16671,19423,9406,34198,54453,75906,45749,71937,14320,22843,2973,1067,25251,4952,3704,1838,8638,17252,2864,9353,15933,9034,10852,12161,51796,20199,23122,19851,1580,2320,3145,0,1426,1767,223,66,4474,7907,36,16183,40733,83,16,26148,0,13547,15815,20560,18654,21414,16537,57315,4951,8646,19969,9127,30268,6286,7065,6992,11790,4745,6208,12384,21220,8892,36829,29978,28930,48447,13549,20426,0,10977,11803,13906,0,18,4179,20782,11417,19643,3115,3924,174,14306,8781,6837,385,0,44,17450,4796,8305,21236,3029,0,11851,9873,3543,946,4424,5738,10821,8223,28712,19672,0,10294,32294,4817,11447,8794,8345,11173,12081,25921,14018,Eukaryota;Chordata;Actinopteri;Atheriniformes;Atherinopsidae;Atherinops;Atherinops affinis
0,0,0,0,0,0,0,0,0,0,0,0,2524,1369,504,0,13,2151,0,0,0,0,0,0,0,0,0,0,2398,0,0,0,0,0,0,0,0,0,0,0,0,0,0,0,0,0,0,0,0,0,0,500,0,518,0,0,0,0,0,0,0,0,0,131,110,302,0,0,0,11,1241,0,0,0,0,0,0,0,0,0,0,0,0,0,0,0,0,0,0,0,0,0,457,1154,1525,5293,141,460,926,649,1140,976,0,0,0,0,174,1298,0,0,0,0,0,0,0,0,0,0,0,0,0,0,0,0,0,0,0,0,0,0,0,0,0,0,0,0,0,0,0,0,0,0,0,0,0,0,0,0,0,0,0,0,0,0,0,0,0,0,0,0,0,0,Eukaryota;Chordata;Actinopteri;Blenniiformes;Labrisomidae;Paraclinus;Paraclinus integripinnis
0,0,0,0,0,0,0,0,0,0,0,0,0,0,0,0,0,0,0,0,0,0,0,0,0,0,0,0,0,0,0,0,0,0,0,0,0,0,0,0,0,0,0,0,0,551,392,0,0,0,44,0,0,0,0,36,0,0,0,0,225,0,0,0,0,0,0,0,0,0,0,0,0,0,0,0,0,0,0,0,0,0,0,0,0,0,0,0,0,0,0,0,0,0,0,0,0,0,0,0,0,0,0,0,0,0,0,0,0,0,0,0,0,0,0,0,0,0,0,0,0,0,0,0,0,0,0,0,0,0,0,0,0,0,0,0,0,0,0,0,0,0,0,0,0,0,0,0,0,0,0,0,0,0,0,0,0,0,0,0,0,0,Eukaryota;Chordata;Actinopteri;;Moronidae;Morone;Morone saxatilis
0,0,0,0,0,0,0,0,0,0,0,0,500,7,0,0,0,0,0,0,0,0,0,0,0,0,0,0,0,0,0,0,0,0,0,0,0,0,0,0,0,0,0,0,0,0,0,0,0,0,0,0,0,0,0,0,0,0,0,0,0,0,0,0,0,0,0,793,8562,0,0,0,0,0,0,0,0,0,0,0,0,0,0,0,0,0,0,0,0,0,0,0,0,0,0,0,0,0,0,0,0,0,0,19,0,0,0,0,0,0,0,0,0,0,0,0,0,0,0,0,0,0,0,0,0,0,0,0,0,0,0,0,0,0,0,0,0,0,0,0,0,0,0,0,0,0,0,0,0,0,0,0,0,0,0,0,0,0,0,0,0,0,Eukaryota;Chordata;Chondrichthyes;Myliobatiformes;Gymnuridae;Gymnura;Gymnura marmorata
277,0,0,0,0,0,0,0,0,0,0,0,0,0,8,0,0,0,0,0,0,0,0,0,0,0,0,0,0,0,0,0,0,0,0,0,0,0,8,0,0,0,0,0,0,0,0,0,0,0,0,0,0,0,307,0,4298,514,0,0,1343,2184,2037,0,0,0,0,0,0,0,0,0,0,0,0,0,0,0,0,0,0,0,0,0,0,0,0,0,0,0,0,0,0,0,0,0,0,0,0,0,0,0,0,0,0,0,0,7,0,0,0,0,0,0,0,0,0,0,0,0,0,0,0,0,0,0,0,510,0,0,0,0,0,82,0,0,0,0,0,0,0,0,0,0,0,0,0,0,0,0,0,0,0,0,0,0,0,0,0,0,0,0,Eukaryota;Chordata;Chondrichthyes;Carcharhiniformes;Scyliorhinidae;Cephaloscyllium;Cephaloscyllium ventriosum
0,0,0,0,0,0,0,0,0,0,0,0,26,0,0,0,0,0,0,0,0,0,0,0,0,0,0,0,0,0,0,0,0,0,0,0,0,0,0,0,0,0,0,0,0,0,0,0,0,0,0,144,0,0,247,598,186,0,505,0,57,928,501,93,391,1065,691,601,311,743,530,44,0,0,0,0,0,0,0,0,0,0,0,0,0,0,0,0,0,0,1526,2168,2201,65,136,538,322,246,352,1758,4116,1687,1473,1715,1453,1369,1637,2854,0,0,0,0,0,0,0,0,0,154,182,47,0,0,0,118,1293,922,272,0,0,556,523,43,591,0,0,0,0,0,0,0,0,0,0,0,0,0,0,0,0,0,0,0,0,1318,0,78,109,0,0,0,0,0,Eukaryota;Chordata;Actinopteri;;Sciaenidae;Seriphus;Seriphus politus
0,0,0,129,258,0,0,0,0,0,0,0,0,0,0,0,0,0,0,0,0,0,0,0,0,0,0,0,0,0,0,0,0,0,0,0,0,0,0,0,0,0,0,0,0,0,0,0,0,176,13,1324,106,282,0,0,0,0,0,0,0,0,0,0,0,0,0,0,0,0,385,411,0,0,0,0,0,0,90,0,0,0,0,0,0,0,0,0,0,0,0,0,0,0,0,0,0,0,0,0,0,0,0,0,0,0,0,0,438,4,0,0,0,0,0,0,0,0,0,0,0,0,0,0,0,177,0,0,0,0,0,0,0,0,0,0,0,0,0,0,0,0,0,0,216,28,0,421,0,0,168,0,0,0,0,0,0,0,0,0,0,0,Eukaryota;Chordata;Aves;Charadriiformes;Laridae;Larus;Larus occidentalis
211,2049,1166,1003,388,672,0,1295,606,0,0,0,0,0,0,0,0,0,0,491,0,0,0,0,775,0,0,227,7515,63,1887,3343,515,11450,1009,1845,1220,3456,5100,680,3485,5977,496,1640,749,304,0,0,148,0,453,247,0,0,0,1312,1195,2220,2134,738,4663,2255,1315,0,0,0,0,0,0,0,0,0,2200,0,1373,1495,28,0,5305,1606,3235,1486,0,0,2286,126,8242,0,0,1176,0,0,0,0,0,0,0,0,0,92,0,0,0,0,0,95,0,350,3731,0,0,2631,5114,4742,0,0,0,0,0,0,2134,802,0,0,0,0,4645,1896,0,0,0,0,115,44,0,0,0,0,0,0,0,0,0,0,2753,17,2381,1218,2664,12891,6923,0,4792,27,470,103,1188,62,1584,0,56,932,Eukaryota;Chordata;Actinopteri;Blenniiformes;Clinidae;Gibbonsia;Gibbonsia montereyensis
0,0,0,0,0,0,0,0,0,0,0,0,0,0,0,0,0,0,0,0,0,0,0,0,0,0,0,0,0,0,0,0,0,0,0,0,0,0,0,0,0,0,0,0,0,0,0,0,0,0,0,0,0,0,0,0,0,0,0,0,0,0,0,0,0,0,0,0,0,0,0,0,0,0,0,0,0,0,0,0,0,0,0,0,0,0,0,0,0,0,0,0,0,0,0,0,0,0,0,0,0,0,0,114,0,0,0,0,0,0,0,0,0,0,0,0,0,0,0,0,0,0,0,0,0,0,0,0,0,0,0,0,0,0,0,0,0,0,0,0,0,0,0,0,0,0,0,0,0,0,0,0,0,0,0,0,0,0,0,0,0,0,Eukaryota;Chordata;Actinopteri;Pleuronectiformes;Pleuronectidae;Pleuronichthys;Pleuronichthys verticalis
0,32,0,107,0,442,0,0,0,0,0,0,521,0,0,0,0,0,0,0,0,0,12,0,0,0,0,0,0,0,0,0,0,0,0,0,0,0,0,0,0,0,0,0,0,0,0,0,0,7,0,0,0,0,0,0,0,465,0,1431,0,0,432,0,86,0,0,0,0,0,0,165,0,0,0,0,0,0,0,0,47,0,0,0,0,0,0,0,0,0,0,0,0,0,0,0,0,0,0,138,3,0,140,0,446,72,36,18,0,0,0,0,0,0,0,0,0,251,0,0,0,67,0,0,0,664,0,0,0,95,439,268,360,0,3,10,0,0,0,0,0,0,0,0,0,0,0,0,0,530,0,0,0,293,0,0,3,0,0,0,0,0,Eukaryota;Chordata;Chondrichthyes;;Platyrhinidae;Platyrhinoidis;Platyrhinoidis triseriata
86,0,0,121,5,4,0,0,0,0,0,0,0,44,0,0,0,0,0,8,0,0,0,0,0,0,0,100,786,0,107,228,0,1076,19,0,122,28,193,525,163,2272,234,140,439,118,0,0,31,12,20,533,44,0,1371,163,5105,502,498,3734,136,928,1317,0,420,6,0,0,0,688,0,363,0,0,126,0,0,0,0,0,17,0,97,0,0,0,0,571,0,0,0,0,0,214,0,0,0,0,0,0,0,0,871,388,920,0,104,0,0,0,0,0,0,0,0,0,0,0,0,0,0,0,0,0,0,0,0,36,15,0,0,0,0,0,0,0,0,0,0,0,0,0,0,0,87,54,0,80,12,14,0,0,0,0,0,16,0,0,0,0,0,0,Eukaryota;Chordata;Mammalia;Carnivora;Otariidae;Zalophus;Zalophus californianus
0,0,0,0,373,0,0,0,0,0,0,0,0,0,0,0,0,0,0,0,0,0,0,0,0,0,0,0,0,0,0,0,0,0,0,0,0,0,3973,56,0,0,0,0,0,0,0,0,0,0,0,0,0,0,0,0,0,0,0,0,0,0,0,0,0,0,0,0,0,0,0,0,0,0,0,0,0,0,0,0,0,0,0,0,0,0,0,0,0,0,0,0,0,0,0,0,0,0,0,0,0,0,9,0,0,0,0,61,0,0,0,0,0,0,0,0,0,0,0,0,107,0,0,0,0,0,5213,264,367,0,0,0,0,0,383,0,0,0,0,0,0,0,0,0,0,0,0,0,0,0,0,0,0,0,0,0,0,0,35,0,0,0,Eukaryota;Chordata;Chondrichthyes;Hexanchiformes;Hexanchidae;Notorynchus;Notorynchus cepedianus
0,0,0,0,0,0,0,0,0,0,0,0,0,0,0,0,0,0,0,0,0,0,0,0,0,0,0,0,0,0,0,0,0,0,0,0,0,0,0,0,0,295,0,0,0,0,0,0,0,0,0,0,0,0,0,0,0,0,0,0,0,0,0,0,0,0,0,0,0,0,0,0,0,0,0,0,0,0,0,0,0,0,0,0,0,0,0,0,0,0,0,0,0,0,0,0,0,0,0,0,0,0,0,0,0,96,0,0,0,0,0,0,0,0,0,0,0,0,0,0,0,0,0,0,0,0,0,0,0,0,0,0,0,0,0,0,0,0,0,0,0,0,0,0,0,0,0,0,0,0,0,0,408,0,0,0,0,0,0,0,370,0,Eukaryota;Chordata;Actinopteri;Pleuronectiformes;Cynoglossidae;Symphurus;Symphurus atricaudus
0,0,317,348,391,405,0,0,0,0,0,5,0,0,0,0,0,0,0,0,0,0,0,0,0,0,0,0,0,0,0,0,0,0,0,0,0,26,0,0,0,0,0,0,0,0,0,17,0,0,0,0,0,0,0,0,0,0,0,0,0,0,0,0,0,0,0,0,0,0,0,0,0,0,0,0,0,0,1181,1110,98,0,0,0,0,0,0,0,0,0,0,0,0,0,0,0,0,0,0,7,0,0,0,0,119,3,375,17,0,0,0,0,0,0,0,0,0,237,0,233,0,0,0,0,576,10,0,0,0,15,0,0,0,0,0,0,0,12,0,0,0,0,0,14,0,0,0,0,0,0,0,0,0,0,89,0,413,0,95,0,17,0,Eukaryota;Chordata;Chondrichthyes;;Squatinidae;Squatina;Squatina californica
0,0,0,0,0,0,0,0,0,0,0,0,0,0,0,0,0,0,0,0,0,0,0,0,0,0,0,0,0,0,0,0,0,0,0,0,0,0,0,491,0,0,0,0,0,138,0,0,0,0,0,0,0,0,0,0,0,0,0,0,0,0,0,0,0,0,0,0,0,0,0,0,0,0,0,0,0,0,0,0,0,0,0,0,0,0,0,0,0,0,0,0,0,181,0,0,0,32,3,0,0,0,0,7,131,0,0,7,0,0,0,0,0,0,0,0,0,0,0,0,0,0,0,0,0,0,0,0,0,0,0,0,0,0,0,15,0,0,0,0,0,0,0,0,0,0,0,0,0,0,0,0,0,0,0,0,0,0,0,0,0,0,Eukaryota;Chordata;Mammalia;Carnivora;Canidae;Canis;Canis lupus
0,0,0,0,0,0,0,0,0,0,0,0,0,0,0,0,0,0,0,0,0,0,0,0,0,0,0,0,0,0,0,0,0,216,0,0,0,45,0,0,197,3914,0,0,236,0,0,0,0,13,20,0,44,141,0,0,0,0,0,0,0,0,0,0,0,247,218,1182,2574,0,0,430,0,0,0,0,0,0,0,0,0,0,0,0,0,0,0,0,0,0,0,0,0,0,0,0,0,0,0,0,0,0,0,0,0,0,0,0,0,0,0,0,0,0,0,0,0,0,0,0,0,0,0,0,0,0,0,0,0,0,0,0,0,0,0,0,0,0,0,0,0,0,0,0,0,0,0,0,0,0,0,0,0,0,0,0,0,74,4,0,0,0,Eukaryota;Chordata;Aves;Pelecaniformes;Pelecanidae;Pelecanus;Pelecanus occidentalis
0,0,0,0,0,0,0,0,0,0,0,0,0,0,0,0,0,0,0,0,0,0,0,0,0,0,0,0,0,0,0,0,0,0,0,0,0,0,0,0,0,0,0,0,0,0,0,0,0,0,0,0,0,0,0,0,0,0,0,0,0,0,0,0,0,0,0,0,0,0,0,0,0,0,0,0,0,0,0,0,0,0,0,0,0,0,0,0,0,0,0,0,0,0,0,0,0,0,0,0,1689,0,0,0,0,0,165,0,0,0,0,0,0,0,0,0,0,697,428,131,0,0,0,1655,0,1650,0,0,0,1494,193,60,0,0,0,0,0,0,0,0,0,0,0,0,0,0,0,0,0,0,0,0,0,0,0,0,0,0,0,0,0,0,Eukaryota;Chordata;Actinopteri;;Sciaenidae;Genyonemus;Genyonemus lineatus
0,0,0,0,0,0,0,0,0,0,0,0,194,0,0,0,0,0,0,292,130,0,3306,0,0,0,0,0,0,0,0,0,0,0,0,0,0,0,0,0,0,0,367,78,0,0,22,0,0,0,0,0,0,0,0,0,0,0,0,0,0,0,0,689,34,424,0,137,6633,0,1778,0,5431,512,1843,25874,4800,14006,0,0,2754,0,0,0,0,0,0,0,0,0,168,38,467,0,0,0,0,60,0,412,109,666,515,1815,424,476,605,670,0,0,0,0,0,0,0,0,0,92,0,0,0,0,0,0,0,1377,0,0,0,450,384,0,0,0,0,0,804,0,0,0,0,0,0,0,0,0,0,0,0,0,0,0,0,735,219,1289,0,952,0,0,0,234,Eukaryota;Chordata;Actinopteri;Pleuronectiformes;Paralichthyidae;Paralichthys;Paralichthys californicus
0,0,0,0,0,0,0,0,0,0,0,0,0,0,0,0,0,0,0,0,0,0,0,0,0,0,0,0,0,0,0,0,0,0,0,0,0,0,0,0,0,0,0,0,0,0,0,0,0,0,0,0,0,0,0,0,0,0,0,0,0,0,0,0,0,0,0,0,0,0,0,0,0,0,0,0,0,0,0,0,0,0,0,0,0,0,0,0,0,0,0,0,0,0,0,0,0,0,0,0,0,0,0,0,0,122,0,168,0,0,0,0,0,0,0,0,0,0,0,0,0,0,0,0,0,0,0,0,0,0,0,0,0,0,0,0,0,0,0,0,0,0,0,0,0,0,0,0,0,0,0,0,0,0,0,0,0,0,0,0,0,0,Eukaryota;Chordata;Aves;Columbiformes;Columbidae;Columba;Columba livia
0,0,0,0,0,0,0,0,1754,7351,0,2339,2380,1940,285,0,0,0,0,409,0,0,0,0,0,0,0,0,0,0,0,0,0,0,0,0,0,0,0,0,0,0,0,0,0,3907,1904,5281,6272,6515,5925,1685,3695,2877,0,0,0,0,0,0,0,0,0,812,1752,2460,99,323,0,1464,2056,1063,0,600,2881,0,12,0,12400,4785,7344,0,0,0,0,2737,1116,48,0,0,370,14,0,311,0,134,0,85,2609,0,0,0,0,0,0,64,0,450,0,0,0,0,0,0,0,0,0,0,0,0,0,0,0,0,0,0,0,0,0,0,0,0,0,0,0,0,0,0,0,0,0,0,0,0,0,0,0,31,0,0,0,0,0,0,0,0,0,0,0,0,0,0,Eukaryota;Chordata;Actinopteri;Centrarchiformes;Kyphosidae;Medialuna;Medialuna californiensis
0,0,0,0,0,0,0,0,0,0,0,0,0,0,0,0,0,0,0,0,0,0,0,0,0,0,0,0,0,0,0,0,0,0,0,0,0,0,0,90,0,0,0,0,120,0,0,0,0,0,0,0,0,0,0,0,1370,0,0,0,449,0,263,0,0,0,0,0,0,0,0,0,0,0,0,0,0,0,0,0,0,0,0,0,0,0,0,0,0,0,0,0,0,0,0,0,0,0,0,0,34,27,240,0,0,109,50,26,0,0,0,0,0,0,0,0,0,253,0,0,70,9,0,0,0,0,141,0,0,0,0,0,165,0,0,0,0,0,0,0,0,0,0,0,0,0,0,0,0,350,0,0,0,1534,214,140,727,760,2073,383,953,377,Eukaryota;Chordata;Actinopteri;;Sciaenidae;Atractoscion;Atractoscion nobilis
0,0,0,0,0,0,0,0,0,0,0,0,0,0,0,0,0,0,0,0,0,0,0,0,0,0,0,6359,2912,884,2712,1470,1636,9820,39,190,4699,1921,30596,13796,9515,89981,4624,7909,10375,0,0,0,0,0,0,0,0,0,0,0,0,0,0,0,0,0,0,0,0,0,0,0,0,0,0,0,0,0,0,0,0,0,0,0,0,0,0,0,0,0,0,0,0,0,0,0,0,0,0,0,0,0,0,0,0,0,0,0,0,0,0,0,0,0,0,0,0,0,0,0,0,0,0,0,0,0,0,0,0,0,0,0,0,0,0,0,0,0,0,0,0,0,0,0,0,0,0,0,0,6,0,0,0,605,0,0,48,0,0,0,0,0,0,0,0,0,Eukaryota;Chordata;Mammalia;Carnivora;Phocidae;Mirounga;Mirounga angustirostris
21,4197,0,208,1022,170,302,737,0,0,0,0,0,0,0,0,0,0,3748,2627,0,0,0,0,0,0,0,5,0,0,0,0,0,0,0,0,1891,1503,479,1505,299,2006,1675,229,470,0,0,0,195,2752,0,1552,112,0,0,0,4354,0,0,532,257,5789,0,0,0,0,0,0,0,0,0,0,0,1671,167,0,0,0,0,0,0,0,0,0,295,0,0,0,0,0,0,0,0,0,0,0,0,0,0,796,24,193,0,0,0,157,207,101,0,0,0,0,13307,0,0,0,0,0,0,0,0,0,0,0,93,0,0,20,0,0,0,0,0,0,0,0,0,15,0,0,0,0,0,0,0,0,0,1158,0,0,25,0,0,14044,390,1973,1232,1283,2931,1483,1680,162,Eukaryota;Chordata;Actinopteri;Pleuronectiformes;Paralichthyidae;Citharichthys;Citharichthys stigmaeus
0,0,0,0,0,0,0,0,0,0,0,0,0,0,0,0,0,0,0,0,0,0,0,0,0,0,0,0,0,0,0,0,0,0,0,0,0,0,0,0,0,0,0,59,0,0,0,0,0,0,0,0,0,0,0,0,0,0,0,0,0,0,0,938,0,812,0,0,0,0,0,0,0,0,0,0,0,0,0,0,0,0,0,0,0,0,0,0,0,0,0,0,0,0,0,0,0,0,0,0,0,0,0,0,0,0,0,0,0,0,0,0,0,0,0,0,0,0,0,0,0,0,0,0,0,0,0,0,0,0,0,0,0,0,0,0,0,0,0,0,0,0,0,0,0,0,0,0,0,0,0,0,0,0,0,0,0,0,0,0,0,0,Eukaryota;Chordata;Actinopteri;Pleuronectiformes;Pleuronectidae;Pleuronichthys;Pleuronichthys coenosus
219,1182,1717,772,360,298,126,407,1898,0,0,0,0,0,0,0,0,0,0,150,0,0,0,0,0,0,541,0,65,3008,0,0,0,0,0,0,68,0,0,0,0,0,75,0,0,0,0,0,0,0,0,0,0,0,0,0,0,0,765,0,0,0,0,0,0,0,0,0,0,0,0,0,460,381,0,0,0,0,273,155,0,0,0,0,0,0,0,302,0,0,0,0,0,0,0,0,0,0,0,0,0,288,0,46,0,371,0,110,0,0,15282,0,0,0,480,0,0,0,0,0,0,0,0,0,0,0,0,0,0,0,0,0,0,0,0,0,0,0,0,0,0,0,0,0,0,0,0,0,0,0,0,0,0,3019,1589,1591,1193,287,380,3873,3088,1311,Eukaryota;Chordata;Actinopteri;;Embiotocidae;Phanerodon;Phanerodon vacca
0,0,0,0,0,0,21,0,0,0,0,0,0,0,0,0,0,0,0,0,0,0,0,0,0,0,0,0,0,0,0,0,0,0,0,0,0,0,0,0,0,0,0,0,0,0,0,0,52,10,4,0,0,0,0,0,0,0,0,0,0,0,0,0,0,0,0,0,0,0,0,0,0,0,0,0,0,3,0,0,0,0,0,0,0,0,0,0,0,0,0,0,0,0,0,0,0,0,0,0,11,15,3,4,0,0,6,0,0,0,0,0,0,0,0,0,0,0,0,0,21,0,0,0,0,0,0,5,0,0,3,36,26,0,5,20,0,0,0,0,0,0,0,0,0,0,0,0,0,0,0,0,0,0,0,0,0,0,0,0,0,0,Eukaryota;Chordata;Actinopteri;Batrachoidiformes;Batrachoididae;Porichthys;Porichthys myriaster
0,131,0,0,0,0,0,0,0,311,0,0,0,0,0,0,0,0,0,813,79,0,397,0,0,0,1181,0,0,0,424,0,0,0,0,0,0,0,0,0,0,430,0,0,0,0,1200,0,21,3413,213,752,893,0,0,19,0,0,0,187,214,0,0,0,0,0,0,0,0,0,0,0,0,0,0,39,0,0,2092,0,1044,0,0,0,0,0,0,0,0,0,0,0,0,0,0,378,0,0,0,238,0,0,0,281,0,0,314,2,249,230,6317,5725,0,144,0,0,0,0,0,0,147,0,0,0,0,0,413,309,0,0,0,0,253,0,0,0,0,0,0,0,0,0,0,0,158,365,581,219,974,811,0,0,215,0,0,914,311,16,0,0,1785,0,Eukaryota;Chordata;Actinopteri;;Embiotocidae;;
0,0,2114,82,0,0,216,0,1554,0,0,0,0,0,0,0,0,0,0,0,0,0,0,0,0,0,0,0,0,0,0,0,0,0,0,0,0,810,614,370,2383,2536,0,0,0,0,0,0,271,1860,602,0,0,0,668,1840,0,0,0,0,0,0,0,1263,0,954,0,0,0,0,183,0,0,0,0,126,0,0,0,0,0,0,0,0,0,0,0,0,0,0,136,0,0,0,0,0,0,92,0,0,0,0,0,0,0,9,0,0,0,0,0,0,0,0,0,0,0,0,37,0,0,0,0,0,0,0,0,0,0,0,528,0,0,0,0,0,0,0,0,0,0,0,0,0,0,63,0,0,0,0,0,0,0,310,69,0,0,1320,0,71,0,0,Eukaryota;Chordata;Actinopteri;Carangiformes;Carangidae;Trachurus;Trachurus symmetricus
0,0,0,0,0,0,0,0,0,0,0,0,0,0,0,0,0,0,0,0,0,0,0,0,0,0,0,0,0,0,0,0,0,0,0,0,0,0,0,0,0,0,0,0,0,0,0,0,0,0,0,0,0,0,0,0,0,0,0,0,0,0,0,0,0,0,0,0,0,0,0,0,0,0,0,0,0,0,0,0,0,0,0,0,0,0,0,0,0,0,0,0,0,0,0,0,0,0,0,0,0,21,0,140,0,38,92,183,0,0,0,0,0,0,0,0,0,0,0,0,0,0,0,0,0,0,0,0,0,0,0,0,0,0,0,0,0,0,0,0,0,0,0,0,0,0,0,0,0,0,0,0,0,0,0,0,0,0,0,0,0,0,Eukaryota;Chordata;Actinopteri;;Sciaenidae;Cheilotrema;Cheilotrema saturnum
0,0,0,0,0,0,0,0,0,0,4,26,523,186,1037,153,36,1023,0,0,0,0,0,0,0,0,0,0,0,0,0,0,0,0,0,0,0,0,0,0,0,0,0,0,0,0,0,0,0,0,0,0,81,0,0,0,0,0,0,0,0,0,0,0,0,0,0,0,0,0,78,0,0,0,0,0,0,0,0,21,0,0,0,0,0,0,0,0,0,0,0,0,0,0,0,0,0,0,0,0,0,0,0,0,0,0,0,0,0,0,0,0,0,0,0,0,0,0,0,0,0,0,0,0,0,0,0,0,0,0,155,0,0,0,0,0,0,0,0,0,0,0,0,0,0,0,0,0,0,0,0,0,0,0,0,0,0,0,0,0,0,0,Eukaryota;Chordata;Mammalia;Artiodactyla;Delphinidae;;
0,0,0,0,0,0,0,0,0,5340,0,0,448,24,0,4663,0,0,0,0,0,0,0,0,0,0,0,0,0,0,0,0,0,0,0,0,0,0,0,0,0,0,0,0,0,0,0,0,0,0,0,0,0,0,0,0,0,0,0,0,0,0,0,3178,5017,1382,996,524,0,2890,4001,710,0,0,0,0,0,0,0,0,0,0,0,0,0,0,0,0,0,0,37,0,628,594,118,16,1186,0,0,0,0,0,0,0,0,0,0,0,0,0,0,0,0,0,0,0,0,0,0,0,0,0,0,0,0,0,0,0,0,0,0,0,0,0,1570,0,0,0,0,0,0,0,0,0,0,0,0,0,0,0,0,0,0,0,0,0,0,0,0,0,0,0,Eukaryota;Chordata;Actinopteri;Anguilliformes;Muraenidae;Gymnothorax;Gymnothorax mordax
1275,5889,4890,890,1447,2628,632,0,117,8841,0,0,398,7,1303,6594,0,4805,14485,13779,2516,21561,8809,10680,11894,4335,11890,741,269,0,30418,6306,4109,40264,5252,9355,0,1649,1097,3857,15108,22946,4162,9693,6542,758,420,3093,10350,17626,14165,10424,4097,8189,1456,1409,15903,7758,18453,5503,9437,19139,9395,0,0,0,0,0,0,0,0,0,100,0,990,4610,1157,2072,31482,4034,11961,0,31,0,0,0,0,229,0,1313,4020,4255,4122,2846,4814,14156,771,828,1814,3797,4065,4204,3986,9496,6056,3252,3678,11926,9322,5737,39071,10380,0,3791,0,0,0,1142,539,75,15554,14632,5465,3038,2753,307,37271,8669,13183,2861,3085,149,7040,151,3417,0,0,0,0,11,0,0,0,0,7302,8588,5827,10467,9043,23416,3582,2677,17246,30174,9400,16364,20559,11434,45075,31124,67465,37187,Eukaryota;Chordata;Actinopteri;;Embiotocidae;Amphistichus;
0,4,0,0,0,0,0,28,0,0,0,0,0,0,0,0,0,0,0,0,0,0,0,0,0,0,0,0,0,0,0,0,0,0,0,0,0,0,0,0,0,0,149,0,297,0,0,0,0,12,0,0,0,0,0,0,0,0,0,0,0,0,0,219,46,0,0,0,0,0,192,0,0,0,0,140,0,0,0,28,0,0,8,0,0,0,0,0,0,4,0,0,0,0,0,0,0,0,0,0,0,0,0,0,0,0,0,0,0,0,0,0,0,0,0,0,0,0,0,0,0,8,0,0,0,0,0,0,0,0,0,0,0,0,0,40,0,18,0,0,0,0,0,0,0,0,83,114,0,1491,0,0,0,0,0,0,0,0,0,0,0,0,Eukaryota;Chordata;Aves;Charadriiformes;Laridae;Larus;
0,0,0,0,0,0,0,0,0,0,0,0,0,0,0,0,0,0,0,0,0,0,0,0,0,0,0,0,0,0,0,0,0,0,0,0,0,0,0,0,0,0,0,0,0,0,0,0,0,0,0,0,0,0,0,0,0,0,0,0,0,0,0,0,0,0,0,0,0,0,0,0,0,0,0,0,0,0,0,0,0,0,0,0,0,0,0,0,0,0,0,0,0,0,0,0,0,0,0,372,273,603,126,377,153,510,133,274,0,0,0,0,0,0,0,0,0,0,0,0,0,0,0,0,0,0,0,0,0,0,0,0,0,0,0,0,0,0,0,0,0,0,0,0,0,0,0,0,0,0,0,0,0,0,0,0,0,0,0,0,0,0,Eukaryota;Chordata;Aves;Podicipediformes;Podicipedidae;Aechmophorus;Aechmophorus occidentalis
0,0,0,79,0,0,381,312,0,0,0,0,0,0,0,0,0,0,0,0,0,0,0,0,0,0,0,0,0,7235,0,0,0,0,0,0,0,1414,215,687,4900,1796,1492,0,252,0,0,0,0,0,0,0,0,0,0,0,0,0,0,0,0,0,1706,0,0,0,0,0,0,0,0,0,0,0,0,0,231,0,0,0,0,0,0,0,0,0,0,0,0,0,0,0,0,0,0,0,0,0,0,0,0,0,0,0,0,0,0,0,0,0,0,0,0,0,0,0,0,0,0,0,0,0,0,0,0,0,0,18,11,0,0,0,150,0,3079,0,0,0,0,0,0,0,0,0,3545,1831,0,131,1660,310,0,0,0,0,0,0,0,0,0,0,0,0,Eukaryota;Chordata;Actinopteri;;Embiotocidae;Micrometrus;Micrometrus aurora
0,0,0,31,185,0,0,0,0,0,0,0,0,571,0,0,0,0,0,0,0,0,0,0,0,0,0,0,0,0,2355,0,0,545,0,0,0,0,0,0,0,0,0,0,0,0,0,0,0,0,0,0,0,0,0,0,0,0,0,0,2430,1235,255,0,0,0,0,0,0,0,0,0,3050,398,0,56,0,0,0,0,0,0,0,0,0,0,0,0,0,0,0,0,0,196,29,301,178,0,511,295,1050,0,294,897,424,32,17,415,0,0,0,0,0,0,0,0,0,0,0,0,120,0,0,0,0,0,0,0,0,0,0,0,1613,0,0,0,0,0,0,0,0,0,0,0,0,0,0,0,0,0,0,0,0,29,0,0,0,0,427,0,0,0,Eukaryota;Chordata;Actinopteri;Blenniiformes;Gobiesocidae;Rimicola;Rimicola muscarum
0,0,0,0,0,0,0,0,0,0,0,0,0,0,0,105,0,0,0,1,0,0,0,0,0,0,0,0,0,0,0,0,0,0,0,0,0,0,0,0,13,0,0,0,0,196,0,0,0,0,0,0,0,0,0,0,0,0,0,688,0,0,0,121,0,0,0,0,0,0,0,2,235,0,0,0,0,0,0,0,0,0,0,0,0,0,0,0,0,0,0,0,0,0,0,2,325,54,0,35,0,0,0,0,0,0,0,0,0,0,0,0,0,0,0,0,0,0,72,0,0,0,0,0,0,0,0,0,0,0,0,0,0,46,0,0,0,0,0,19,0,0,0,0,0,0,0,0,0,0,0,0,0,0,0,0,0,0,0,0,0,0,Eukaryota;Chordata;Aves;Galliformes;Phasianidae;Gallus;Gallus gallus
0,0,0,0,0,0,0,0,0,0,0,0,0,0,0,0,0,0,0,0,0,0,0,0,0,0,0,0,0,0,0,0,0,0,0,0,0,0,0,0,0,0,0,0,0,0,0,0,0,0,0,0,0,0,0,0,0,0,0,0,0,0,0,0,0,0,0,0,0,0,0,0,0,0,0,0,0,0,0,0,0,0,0,0,0,0,0,0,0,0,0,0,0,0,0,0,0,0,0,74,33,258,230,2,0,463,206,243,0,0,0,0,0,0,0,0,0,557,0,148,0,0,0,0,88,0,0,0,0,0,0,0,0,0,0,0,0,0,0,0,0,0,0,0,0,16,0,0,0,0,0,0,0,0,0,0,0,0,0,0,0,0,Eukaryota;Chordata;Aves;Charadriiformes;Charadriidae;Pluvialis;Pluvialis dominica
0,43,383,184,675,744,470,0,239,0,0,0,0,337,0,0,0,0,0,181,0,0,0,0,0,0,0,0,0,0,0,0,0,390,0,0,0,0,0,0,0,0,0,0,0,2067,88,18,0,0,0,0,0,0,0,0,0,0,0,0,0,0,0,0,0,0,0,0,0,0,0,0,0,792,1894,33,290,0,204,0,0,0,0,0,0,0,0,877,0,0,0,0,0,0,0,0,0,0,0,62,1236,0,0,0,0,0,26,0,0,0,0,0,0,0,0,0,0,0,0,0,0,980,0,0,0,0,0,0,0,0,0,0,0,0,0,0,0,0,0,0,0,0,0,0,0,0,0,1911,1632,13908,0,634,0,0,0,29,533,574,411,43,0,0,Eukaryota;Chordata;Actinopteri;;Embiotocidae;Brachyistius;Brachyistius frenatus
0,0,0,0,0,0,0,0,0,0,50,117,436,1242,1851,5884,200,824,0,0,0,0,0,0,0,0,0,0,0,0,0,0,0,0,0,0,0,0,0,0,0,0,0,0,0,0,0,0,0,0,0,0,0,0,0,0,0,0,0,0,0,0,0,0,0,0,0,0,0,0,0,0,0,0,0,2923,0,0,0,0,0,0,0,0,0,0,0,0,0,0,0,0,327,0,45,0,0,0,0,0,0,0,0,0,0,0,0,0,0,0,0,0,0,0,0,0,0,0,0,0,0,0,0,0,20,0,0,0,0,17,101,748,0,0,0,0,0,0,0,0,0,0,0,0,0,0,0,9,0,0,0,0,0,0,0,0,0,0,0,0,0,0,Eukaryota;Chordata;Actinopteri;Ophidiiformes;Ophidiidae;Ophidion;Ophidion scrippsae
0,0,0,0,0,0,0,0,0,36,105,531,2651,4140,2343,8768,2004,14272,0,99,0,0,0,0,0,0,0,0,0,0,0,0,0,0,0,0,0,0,0,0,0,0,0,0,0,864,0,0,0,0,0,0,0,0,0,0,0,0,0,0,0,0,0,859,1626,0,1437,717,4923,487,1441,0,0,0,0,0,0,0,0,0,0,0,0,0,0,0,0,0,0,0,311,1097,443,1152,0,737,883,1246,6363,1075,5178,493,236,1239,532,491,1031,1069,0,0,0,0,0,0,0,0,0,0,0,0,0,0,0,0,0,0,0,0,0,0,0,0,0,0,0,5006,1347,2505,20606,2441,51348,5156,568,62,0,0,0,0,0,0,0,0,0,0,0,0,0,0,0,0,0,0,Eukaryota;Chordata;Actinopteri;Centrarchiformes;Kyphosidae;Kyphosus;Kyphosus azureus
0,0,0,0,0,0,0,0,0,0,70,2374,0,0,1114,0,0,218,0,0,0,0,0,0,3842,1377,0,0,0,0,0,0,0,0,0,0,0,0,0,0,0,0,0,0,0,0,0,0,0,0,0,0,0,0,0,0,0,0,0,0,0,0,0,1027,2450,516,872,665,0,3082,276,235,0,0,0,0,0,0,0,0,0,0,0,0,0,0,0,0,0,0,0,0,0,0,0,0,0,0,0,0,0,0,0,0,0,0,0,0,0,0,0,0,0,0,35,0,0,0,0,0,0,0,0,0,0,0,0,0,0,0,0,0,0,0,0,0,0,0,0,0,0,0,0,0,0,0,0,0,0,0,0,0,0,0,0,0,0,0,0,0,0,0,Eukaryota;Chordata;Actinopteri;Carangiformes;Carangidae;Seriola;Seriola dorsalis
0,0,0,0,0,0,0,0,0,0,0,0,0,0,0,0,0,0,0,0,0,0,0,0,0,0,0,0,0,0,0,0,0,0,0,0,0,0,0,0,0,0,0,0,0,0,0,0,0,0,0,0,0,0,0,0,0,0,0,0,0,0,0,0,0,0,0,0,2940,961,188,378,0,0,0,0,0,0,0,0,0,0,0,0,0,0,0,0,0,0,0,0,0,0,0,0,0,0,0,0,0,0,233,0,0,0,0,308,0,0,0,0,0,0,0,0,0,0,0,0,0,0,0,0,0,356,0,0,0,0,0,0,0,0,0,0,0,0,0,0,0,0,0,0,0,0,0,0,0,0,0,0,0,0,0,0,0,0,0,0,0,0,Eukaryota;Chordata;Actinopteri;Perciformes;Serranidae;Paralabrax;Paralabrax nebulifer
0,0,0,0,0,0,0,0,0,0,0,0,0,23,0,0,0,0,0,208,0,0,4989,0,102,0,0,0,0,0,0,0,0,0,0,0,0,0,0,136,0,2667,361,0,0,0,0,0,0,0,16,0,0,0,0,0,0,0,0,0,0,0,0,0,0,0,0,0,0,0,0,0,377,0,0,0,0,0,0,21,1564,0,0,0,0,0,0,0,0,0,0,0,0,0,0,0,0,0,0,0,1798,0,0,0,0,0,0,0,0,0,0,0,0,0,0,0,0,0,0,0,0,0,0,0,0,0,0,0,0,0,0,0,0,0,0,0,0,0,0,0,0,0,0,0,0,0,0,0,0,4513,0,0,0,63,17,393,21,0,0,0,0,86,Eukaryota;Chordata;Actinopteri;;Sphyraenidae;Sphyraena;Sphyraena argentea
0,0,0,134,0,0,0,0,0,0,0,0,0,0,0,0,0,0,0,0,0,0,0,0,0,0,0,0,0,0,0,0,0,0,0,0,0,0,0,553,1456,0,0,41,147,0,0,0,0,0,0,0,67,0,0,0,0,0,0,0,0,0,0,0,0,0,0,0,0,0,0,0,0,0,0,0,0,0,0,0,0,0,0,0,0,0,0,0,0,0,0,0,0,0,0,0,0,0,0,711,0,0,512,596,0,141,809,41,0,4445,0,0,0,0,0,0,0,0,0,0,1120,0,0,0,0,0,0,0,0,0,0,0,0,0,0,0,0,0,0,0,0,0,0,0,38,0,0,9,0,486,0,1025,0,525,0,0,0,0,0,154,11,0,Eukaryota;Chordata;Actinopteri;Pleuronectiformes;Paralichthyidae;Citharichthys;Citharichthys sordidus
0,0,0,0,0,0,0,302,0,0,0,0,0,0,0,0,0,0,0,0,0,0,0,0,0,0,0,0,0,0,0,0,0,0,0,3473,0,0,0,0,0,0,0,0,0,0,0,0,0,0,0,0,0,0,131,0,0,0,0,725,729,0,1296,0,0,0,0,0,0,0,0,0,0,0,0,0,0,0,0,0,0,0,0,0,0,0,0,0,0,0,0,0,0,0,0,0,0,0,0,0,56,0,34,543,758,0,116,0,0,0,0,0,0,0,0,0,0,0,0,54,0,11,0,0,0,0,0,0,0,1022,0,0,211,0,0,0,0,0,0,0,0,0,0,0,0,0,0,0,0,0,77,0,0,0,111,0,71,0,0,0,1342,55,Eukaryota;Chordata;Actinopteri;;Embiotocidae;Rhacochilus;Rhacochilus toxotes
0,1389,0,604,826,547,0,3453,193,0,0,0,0,0,0,0,0,0,0,197,0,0,0,0,0,0,0,8743,300,0,0,4057,0,0,0,0,460,0,642,312,0,0,0,0,48,0,0,0,0,0,0,0,0,0,108,0,0,0,0,0,0,0,0,0,0,0,0,0,0,0,0,0,0,0,0,0,0,0,0,0,0,0,0,0,0,0,0,0,0,0,0,0,0,0,0,0,0,0,0,0,0,0,0,0,0,0,0,0,0,0,0,0,0,6673,0,0,0,0,0,0,132,2080,0,0,0,0,0,0,0,0,0,0,0,46,1863,0,0,0,0,0,0,0,0,0,0,0,0,0,5,0,0,2531,0,0,0,0,0,0,0,0,0,0,Eukaryota;Chordata;Actinopteri;Perciformes;Stichaeidae;Cebidichthys;Cebidichthys violaceus
0,0,0,0,0,0,0,0,0,0,0,0,0,0,0,0,0,0,0,0,0,0,0,0,0,0,0,0,0,0,0,0,0,0,0,0,0,0,0,0,0,0,0,0,0,0,0,0,0,0,0,0,0,0,0,0,0,0,0,0,0,0,0,0,0,0,0,0,0,0,0,0,0,0,0,0,0,0,0,0,0,0,0,0,0,0,0,0,0,0,0,0,0,0,0,0,0,0,0,0,1434,0,0,0,0,0,0,0,0,0,0,0,0,0,0,0,0,0,0,0,0,0,0,0,0,0,0,0,0,0,0,0,0,0,0,0,0,0,0,0,0,0,0,0,0,0,0,0,0,0,0,0,0,0,0,0,0,0,0,0,0,0,Eukaryota;Chordata;Actinopteri;Perciformes;Serranidae;Mycteroperca;Mycteroperca xenarcha
124,31,0,177,677,0,0,0,374,0,0,0,0,0,0,0,0,0,0,0,0,0,0,0,0,0,0,0,168,0,11021,62,16,0,0,0,0,0,0,0,0,0,0,0,0,0,0,0,0,0,0,0,0,0,0,0,5144,0,0,0,0,0,1005,0,0,0,0,0,0,0,0,0,0,0,0,0,37,0,0,0,0,0,0,0,0,0,0,0,0,0,0,0,0,0,0,0,0,0,0,0,0,0,0,0,0,0,0,0,0,0,0,0,0,0,0,0,0,0,0,0,0,0,0,0,0,0,0,0,3201,0,0,0,197,0,0,0,0,0,0,0,0,0,0,0,0,0,0,0,0,0,122,0,0,2,82,0,0,0,188,0,0,127,Eukaryota;Chordata;Actinopteri;Perciformes;;;
0,0,0,0,0,0,0,0,0,0,0,0,0,0,0,0,0,0,0,0,0,0,0,0,0,0,0,0,0,0,0,0,0,0,0,0,0,0,0,0,0,0,0,0,0,0,0,0,0,0,8,1051,0,12,0,0,0,0,0,0,0,0,0,0,46,0,0,0,0,0,0,0,0,0,0,0,0,0,0,0,0,0,0,0,0,0,0,0,0,0,0,0,0,46,0,0,0,0,0,0,0,0,0,0,0,0,0,0,0,0,0,0,0,0,0,0,0,0,0,0,0,0,0,0,0,0,0,0,0,0,0,198,0,0,0,0,0,0,0,0,0,0,0,0,0,0,0,0,0,0,0,0,0,0,0,0,0,0,0,0,0,0,Eukaryota;Chordata;Actinopteri;Pleuronectiformes;Paralichthyidae;Xystreurys;Xystreurys liolepis
0,0,0,0,0,0,0,0,0,0,0,0,0,0,0,0,0,112,0,0,0,0,0,0,0,0,0,0,0,0,0,0,0,0,0,0,0,0,0,0,0,0,0,0,0,0,0,0,0,0,0,0,0,0,0,0,0,0,0,0,0,0,0,0,0,0,0,0,0,0,0,0,0,0,0,0,0,0,0,0,0,0,0,0,0,0,0,0,0,0,0,0,0,0,0,0,0,0,0,0,0,0,0,0,0,0,0,0,0,0,0,0,0,0,0,0,0,0,0,0,0,0,0,0,0,0,0,0,0,0,0,0,0,0,0,0,0,0,0,0,0,0,0,0,0,0,0,0,0,0,0,0,0,0,0,0,0,0,0,0,0,0,Eukaryota;Chordata;Actinopteri;Gadiformes;Merlucciidae;Merluccius;Merluccius productus
0,113,170,291,1037,332,20,0,1249,125,0,0,0,3,417,2084,0,532,0,2133,0,226,0,0,0,0,0,27734,11491,3562,57,5112,2161,17086,2877,23431,33,2417,781,588,3312,4420,335,253,1312,24313,12794,43763,4974,7791,5975,26996,5130,5725,3427,0,0,0,0,0,0,0,0,2171,1821,5951,112,6574,2937,5185,6591,4141,8844,5185,3305,8122,1187,4236,37169,9462,18814,3001,100,19562,12736,5435,31635,39233,0,15,828,1533,1783,3066,4193,13235,2253,1369,4352,1084,6756,202,306,1921,2199,1184,1394,990,23716,0,0,9208,0,0,0,365,0,0,0,0,0,0,3,0,0,0,0,0,231,0,0,0,0,0,0,0,0,0,0,0,0,0,0,0,0,1812,109,0,0,0,0,0,0,0,0,70,0,0,0,0,0,2749,Eukaryota;Chordata;Actinopteri;Centrarchiformes;Kyphosidae;Girella;Girella nigricans
0,0,0,0,0,0,0,552,0,0,72,0,1015,0,0,0,0,0,0,211,0,0,0,0,0,0,0,0,0,0,0,0,0,0,0,0,0,0,0,0,0,0,0,0,0,1235,23,0,0,667,0,0,36,0,0,0,0,0,0,0,0,0,0,0,0,0,0,0,0,0,0,0,0,0,0,0,0,0,0,0,0,1374,0,0,0,0,0,0,0,0,0,0,301,0,0,0,0,0,0,0,0,0,0,0,0,0,0,0,0,0,0,0,0,0,0,0,0,0,0,0,0,0,0,0,0,0,0,0,0,0,0,0,0,0,0,0,0,0,0,0,0,0,0,0,0,0,0,0,0,0,0,0,0,0,0,0,0,0,0,0,0,0,Eukaryota;Chordata;Actinopteri;Beloniformes;Exocoetidae;Cheilopogon;Cheilopogon pinnatibarbatus
0,0,0,0,0,79,0,0,620,0,0,0,0,0,0,0,0,0,0,0,0,0,0,0,0,0,0,0,0,0,0,0,0,0,0,0,0,0,0,0,1408,0,0,0,0,0,0,0,0,0,0,0,0,0,0,0,7579,0,87,0,0,0,0,0,0,0,0,0,0,0,0,0,0,0,0,0,0,0,800,0,29,0,0,0,0,0,0,0,0,0,0,0,0,0,0,0,497,0,0,0,0,0,0,790,0,0,217,1124,0,0,0,0,0,0,0,0,0,0,0,0,0,10,0,0,0,0,0,14,0,0,0,0,519,0,2917,4899,0,2061,0,108,0,2412,2724,2132,0,0,0,0,0,0,0,2868,0,0,11,0,0,944,1738,0,0,0,Eukaryota;Chordata;Actinopteri;Syngnathiformes;Syngnathidae;Syngnathus;
0,0,0,0,0,0,0,0,0,9,0,381,0,0,460,742,31,0,0,0,0,0,0,0,0,0,0,0,0,0,0,0,0,0,0,0,0,0,0,0,0,0,0,0,0,0,0,0,0,0,0,0,0,0,0,0,0,0,0,0,0,0,0,0,0,21,64,0,767,101,326,0,0,0,0,0,0,0,0,0,0,0,0,0,0,0,0,0,0,0,0,0,0,0,0,0,0,163,0,0,0,0,0,0,0,0,0,0,0,0,0,0,0,0,0,0,0,0,0,0,0,0,0,0,0,0,0,0,0,0,0,0,0,0,0,0,0,0,0,0,0,0,0,0,0,0,0,0,0,0,0,0,0,0,0,0,0,0,0,0,0,0,Eukaryota;Chordata;Actinopteri;Perciformes;Scorpaenidae;Scorpaenodes;Scorpaenodes xyris
0,0,0,0,0,0,0,0,0,0,0,0,0,0,0,385,0,0,0,0,0,0,0,0,0,0,0,111,0,0,0,0,0,40,0,0,0,0,0,0,0,0,0,0,0,0,0,0,6,119,0,0,0,37,0,0,0,0,0,0,0,0,0,0,0,0,0,0,0,143,0,0,0,0,0,0,0,0,0,0,0,0,0,0,0,0,0,0,0,0,0,0,0,0,0,0,0,0,0,0,0,0,0,0,0,0,0,0,0,0,0,0,0,0,0,0,0,0,0,0,65,0,20,0,0,0,0,0,0,0,0,0,13,0,0,0,0,0,0,16,0,0,0,0,0,0,8,0,0,0,0,0,0,0,0,0,0,0,0,0,0,0,Eukaryota;Chordata;Mammalia;Primates;Hominidae;Pan;Pan paniscus
0,0,0,0,0,0,0,0,0,196,0,23,33,65,110,13,222,24,0,0,0,0,0,0,0,0,0,0,0,0,0,0,0,0,0,0,0,0,0,0,0,0,0,0,0,0,0,0,0,0,0,0,0,0,0,0,0,0,0,0,0,0,0,0,0,70,15,33,244,66,58,1174,0,0,0,0,0,0,0,0,0,0,0,0,0,0,0,0,0,0,47,26,0,74,120,50,0,5,46,0,0,8,0,0,0,0,0,0,0,0,0,0,0,0,0,0,0,0,0,0,0,0,0,0,0,0,0,0,0,0,0,0,0,0,0,0,0,0,0,0,0,0,0,0,0,0,0,0,0,0,0,0,0,0,0,0,0,0,0,0,0,0,Eukaryota;Chordata;Chondrichthyes;Myliobatiformes;Urolophidae;Urobatis;Urobatis halleri
49,0,0,512,307,841,87,792,0,0,0,0,0,0,0,0,0,0,0,88,0,0,0,0,0,0,0,3813,100,2680,0,0,1603,0,0,0,0,0,0,153,0,0,291,0,0,0,0,0,0,0,0,0,0,0,846,45,0,0,0,0,120,0,728,0,0,0,0,0,0,0,0,0,0,0,0,0,0,0,0,0,0,0,0,0,10479,0,0,0,0,0,0,0,0,0,0,0,0,0,0,0,0,0,0,970,0,0,0,0,0,0,0,0,0,0,0,0,0,0,0,0,0,0,0,0,0,0,0,0,0,0,0,0,0,0,0,0,0,0,0,0,0,0,0,0,120,12,0,0,1365,0,0,0,377,0,167,0,0,0,0,0,0,0,Eukaryota;Chordata;Actinopteri;;Embiotocidae;Embiotoca;Embiotoca lateralis
0,0,0,0,0,0,0,0,0,181,217,21,816,309,530,499,145,102,0,0,0,0,0,0,0,0,0,0,0,0,0,0,0,0,0,0,0,0,0,0,0,0,0,0,0,40,0,0,26,0,0,48,0,75,0,0,0,0,0,0,0,0,0,0,83,0,0,0,534,98,103,9,0,0,0,0,0,139,0,0,11,0,0,0,0,0,0,0,0,0,11,22,18,54,66,180,0,58,29,0,0,0,0,0,0,0,0,0,0,0,0,0,0,0,0,0,0,0,0,0,0,0,0,0,0,0,0,0,0,0,0,0,0,0,0,0,0,0,0,0,0,0,0,0,0,0,0,0,0,0,0,0,0,0,0,0,0,0,0,0,0,0,Eukaryota;Chordata;Actinopteri;;Pomacentridae;Chromis;Chromis punctipinnis
