"","Assemblage","t","Method","Order.q","qD","qD.LCL","qD.UCL","SC","SC.LCL","SC.UCL"
"1","eDNA",1,"Rarefaction",0,34.7647058823529,33.1561583950148,36.3732533696911,0.515862944162437,0.492013641454075,0.539712246870798
"2","eDNA",2,"Rarefaction",0,51.5955882352942,49.6633789967061,53.5277974738822,0.713705583756346,0.692425244037765,0.734985923474927
"3","eDNA",3,"Rarefaction",0,61.5485294117647,59.4167715904473,63.6802872330821,0.812781000725164,0.794828581479834,0.830733419970494
"4","eDNA",4,"Rarefaction",0,68.057142857143,65.7310726476562,70.3832130666297,0.868892359755305,0.854072209068622,0.883712510441987
"5","eDNA",5,"Rarefaction",0,72.6150614091792,70.0953541376843,75.1347686806742,0.903355739015637,0.891033014104823,0.915678463926452
"6","eDNA",6,"Rarefaction",0,75.9748707175181,73.2702888418264,78.6794525932098,0.92595855920729,0.91536752104508,0.9365495973695
"7","eDNA",7,"Rarefaction",0,78.5488996297823,75.6726464076361,81.4251528519285,0.941570823423615,0.932013170083681,0.95112847676355
"8","eDNA",8,"Rarefaction",0,80.5801727684082,77.5451636631866,83.6151818736297,0.952782412173275,0.943731301344908,0.961833523001642
"9","eDNA",9,"Rarefaction",0,82.2216783216784,79.0378277143745,85.4055289289824,0.961072852697218,0.952197431887681,0.969948273506755
"10","eDNA",10,"Rarefaction",0,83.5749691484989,80.2483303379028,86.9016079590951,0.967346316965606,0.958475616545125,0.976217017386088
"11","eDNA",11,"Rarefaction",0,84.7101648351652,81.2432047158658,88.1771249544646,0.972185809114743,0.963250314163737,0.98112130406575
"12","eDNA",12,"Rarefaction",0,85.6771170006466,82.0694686254955,89.2847653757977,0.975979435116491,0.966959973408211,0.984998896824771
"13","eDNA",13,"Rarefaction",0,86.5121848739497,82.7614236978137,90.2629460500858,0.978988397389413,0.969880375758721,0.988096419020104
"14","eDNA",14,"Rarefaction",0,87.2426470588235,83.3448383905119,91.1404557271351,0.981387478849408,0.972177755497335,0.99059720220148
"15","eDNA",15,"Rarefaction",0,87.889705882353,83.8396183148056,91.9397934499005,0.9832910321489,0.973943685341944,0.992638378955856
"16","eDNA",16,"Rarefaction",0,88.4705882352941,84.2615559193059,92.6796205512823,0.984771573604061,0.975220378379418,0.994322768828704
"17","eDNA",17,"Observed",0,89,84.623473516281,93.376526483719,0.986120927841676,0.976431463781826,0.995810391901526
"18","eDNA",18,"Extrapolation",0,89.4825018615041,84.9291369088115,94.0358668141967,0.987350719045578,0.977607770899434,0.997093667191722
"19","eDNA",19,"Extrapolation",0,89.9222503935079,85.182926829768,94.6615739572477,0.988471541408628,0.97875785128192,0.998185231535337
"20","eDNA",20,"Extrapolation",0,90.3230338657138,85.3896546058267,95.2564131256009,0.989493050397737,0.979880903370146,0.999105197425328
"21","eDNA",21,"Extrapolation",0,90.6883048783572,85.5543061538863,95.8223036028281,0.990424045932115,0.980972851457361,0.999875240406868
"22","eDNA",22,"Extrapolation",0,91.0212101050701,85.6818094713567,96.3606107387836,0.991272548191294,0.982029087740109,1
"23","eDNA",23,"Extrapolation",0,91.3246174003022,85.7768611342317,96.8723736663728,0.99204586670599,0.983045619559806,1
"24","eDNA",24,"Extrapolation",0,91.6011405048175,85.8438159318952,97.3584650777399,0.992750663326978,0.984019463452832,1
"25","eDNA",25,"Extrapolation",0,91.8531615620973,85.8866297878227,97.8196933363718,0.993393009614461,0.984948692928531,1
"26","eDNA",26,"Extrapolation",0,92.0828516396181,85.9088420420973,98.2568612371389,0.993978439142294,0.985832337681888,1
"27","eDNA",27,"Extrapolation",0,92.2921894317889,85.9135839747228,98.670794888855,0.99451199516766,0.986670229968381,1
"28","eDNA",28,"Extrapolation",0,92.4829783056662,85.9036030968372,99.0623535144951,0.994998274076855,0.987462843438407,1
"29","eDNA",29,"Extrapolation",0,92.6568618362884,85.8812956477823,99.4324280247946,0.995441464981437,0.988211144567848,1
"30","eDNA",30,"Extrapolation",0,92.8153379654632,85.8487422342672,99.7819336966591,0.995845385805867,0.988916464295363,1
"31","eDNA",31,"Extrapolation",0,92.9597719059769,85.807743447821,100.111800364133,0.996213516177499,0.989580391368664,1
"32","eDNA",32,"Extrapolation",0,93.0914079023944,85.7598536354373,100.422962169352,0.996549027402277,0.990204686080958,1
"33","eDNA",33,"Extrapolation",0,93.2113799497623,85.7064118892086,100.716348010316,0.996854809784354,0.990791211938135,1
"34","eDNA",34,"Extrapolation",0,93.3207215625533,85.6485698845657,100.992873240541,0.997133497524981,0.991341882500007,1
"35","eDNA",35,"Extrapolation",0,93.4203746780084,85.5873165351012,101.253432820916,0.997387491415172,0.99185862074584,1
"36","eDNA",36,"Extrapolation",0,93.511197770575,85.5234996215392,101.498895919611,0.997618979517626,0.992343328595672,1
"37","eDNA",37,"Extrapolation",0,93.5939732473446,85.4578446474376,101.730101847252,0.997829956016064,0.992797864555865,1
"38","eDNA",38,"Extrapolation",0,93.6694141881979,85.390971211385,101.947857165011,0.998022238394387,0.993224027791304,1
"39","eDNA",39,"Extrapolation",0,93.7381704887224,85.3234071888096,102.152933788635,0.998197483093619,0.993623547230659,1
"40","eDNA",40,"Extrapolation",0,93.8008344588208,85.2556010013557,102.346067916286,0.998357199781526,0.993998074575372,1
"41","eDNA",41,"Extrapolation",0,93.8579459252395,85.1879322275489,102.52795962293,0.998502764357846,0.994349180306067,1
"42","eDNA",42,"Extrapolation",0,93.9099968819755,85.1207207808485,102.699272983103,0.998635430807151,0.994678351964773,1
"43","eDNA",43,"Extrapolation",0,93.957435728621,85.0542348534043,102.860636603838,0.998756342001454,0.99498699414227,1
"44","eDNA",44,"Extrapolation",0,94.0006711331587,84.9886977976537,103.012644468664,0.998866539545629,0.995276429721906,1
"45","eDNA",45,"Extrapolation",0,94.0400755524842,84.9242940941351,103.155857010833,0.998966972750447,0.995547902029238,1
"46","eDNA",46,"Extrapolation",0,94.0759884409833,84.8611745328496,103.290802349117,0.999058506810534,0.995802577615016,1
"47","eDNA",47,"Extrapolation",0,94.1087191748054,84.7994607171511,103.41797763246,0.999141930257702,0.996041549461152,1
"48","eDNA",48,"Extrapolation",0,94.1385497170229,84.7392489833223,103.537850450724,0.999217961753855,0.996265840448401,1
"49","eDNA",49,"Extrapolation",0,94.1657370466389,84.6806138154379,103.65086027784,0.999287256281994,0.996476406963151,1
"50","eDNA",50,"Extrapolation",0,94.1905153723649,84.6236108235615,103.757419921168,0.999350410788653,0.996674142551126,1
"51","eDNA",51,"Extrapolation",0,94.2130981502417,84.5682793435026,103.857916956981,0.999407969326367,0.996859881549508,1
"52","eDNA",52,"Extrapolation",0,94.2336799224839,84.514644708024,103.952715136944,0.999460427740487,0.997034402647543,1
"53","eDNA",53,"Extrapolation",0,94.2524379933881,84.4627202323161,104.04215575446,0.999508237940697,0.997198432340034,1
"54","eDNA",54,"Extrapolation",0,94.2695339567439,84.4125089505567,104.126558962931,0.999551811794053,0.997352648249243,1
"55","eDNA",55,"Extrapolation",0,94.2851150879036,84.3640051352776,104.20622504053,0.999591524673061,0.997497682299234,1
"56","eDNA",56,"Extrapolation",0,94.2993156125049,84.3171956269225,104.281435598087,0.999627718689372,0.997634123733233,1
"57","eDNA",57,"Extrapolation",0,94.3122578627743,84.272060997294,104.352454728255,0.999660705640946,0.997762521969447,1
"58","eDNA",58,"Extrapolation",0,94.3240533313744,84.228576567431,104.419530095318,0.999690769698078,0.997883389294538,1
"59","eDNA",59,"Extrapolation",0,94.3348036318706,84.1867132977671,104.482893965974,0.999718169851413,0.997997203396622,1
"60","eDNA",60,"Extrapolation",0,94.344601374095,84.1464385661075,104.542764182083,0.99974314214306,0.998104409741648,1
"61","eDNA",61,"Extrapolation",0,94.3535309619451,84.1077168469803,104.59934507691,0.999765901700004,0.998205423798413,1
"62","eDNA",62,"Extrapolation",0,94.3616693204921,84.0705103042054,104.652828336779,0.999786644587345,0.998300633118395,1
"63","eDNA",63,"Extrapolation",0,94.3690865586614,84.034779307052,104.703393810271,0.999805549497327,0.998390399277191,1
"64","eDNA",64,"Extrapolation",0,94.3758465731955,84.000482879077,104.751210267314,0.999822779288703,0.998475059684675,1
"65","eDNA",65,"Extrapolation",0,94.3820075991,83.9675790876302,104.79643611057,0.999838482389704,0.998554929271144,1
"66","eDNA",66,"Extrapolation",0,94.3876227113168,83.9360253810513,104.839220041582,0.999852794076692,0.998630302056689,1
"67","eDNA",67,"Extrapolation",0,94.3927402819447,83.9057788797425,104.879701684147,0.999865837639517,0.998701452610928,1
"68","eDNA",68,"Extrapolation",0,94.3974043969474,83.8767966265715,104.918012167323,0.999877725443611,0.998768637410017,1
"69","eDNA",69,"Extrapolation",0,94.4016552359371,83.84903580142,104.954274670454,0.999888559897974,0.998832096097641,1
"70","eDNA",70,"Extrapolation",0,94.4055294183076,83.8224539041291,104.988604932486,0.999898434337394,0.998892052656354,1
"71","eDNA",71,"Extrapolation",0,94.4090603186958,83.7970089096049,105.021111727787,0.999907433826486,0.998948716495358,1
"72","eDNA",72,"Extrapolation",0,94.4122783544927,83.7726593984115,105.051897310574,0.999915635892493,0.999002283460478,1
"73","eDNA",73,"Extrapolation",0,94.4152112478772,83.7493646657999,105.081057829954,0.999923111193159,0.999052936771765,1
"74","eDNA",74,"Extrapolation",0,94.4178842646326,83.7270848117838,105.108683717482,0.99992992412541,0.999100847893832,1
"75","eDNA",75,"Extrapolation",0,94.4203204318022,83.7057808145761,105.134860049028,0.999936133380121,0.999146177343711,1
"76","eDNA",76,"Extrapolation",0,94.422540736058,83.6854145894407,105.159666882675,0.999941792447705,0.999189075440719,1
"77","eDNA",77,"Extrapolation",0,94.4245643044937,83.6659490347761,105.183179574211,0.999946950078921,0.999229683002507,1
"78","eDNA",78,"Extrapolation",0,94.426408569397,83.6473480670486,105.205469071745,0.99995165070484,0.999268131991214,1
"79","eDNA",79,"Extrapolation",0,94.4280894184229,83.6295766460031,105.226602190843,0.9999559348196,0.999304546113337,1
"80","eDNA",80,"Extrapolation",0,94.4296213314592,83.6126007914236,105.246641871495,0.999959839329256,0.999339041376714,1
"81","eDNA",81,"Extrapolation",0,94.4310175053656,83.5963875925676,105.265647418164,0.999963397869702,0.999371726607757,1
"82","eDNA",82,"Extrapolation",0,94.4322899676601,83.580905211272,105.283674724048,0.999966641096437,0.999402703931846,1
"83","eDNA",83,"Extrapolation",0,94.433449680131,83.5661228796144,105.300776480648,0.999969596948652,0.999432069219595,1
"84","eDNA",84,"Extrapolation",0,94.4345066332691,83.5520108929126,105.317002373626,0.99997229088991,0.999459912501498,1
"85","eDNA",85,"Extrapolation",0,94.4354699323316,83.5385405987534,105.33239926591,0.999974746127513,0.999486318353271,1
"86","eDNA",86,"Extrapolation",0,94.436347875781,83.5256843826637,105.347011368898,0.999976983812417,0.999511366254062,1
"87","eDNA",87,"Extrapolation",0,94.4371480267729,83.5134156509644,105.360880402581,0.999979023221443,0.999535130919497,1
"88","eDNA",88,"Extrapolation",0,94.4378772783097,83.5017088112827,105.374045745337,0.999980881923341,0.999557682611433,1
"89","eDNA",89,"Extrapolation",0,94.4385419126218,83.4905392511443,105.386544574099,0.999982575930133,0.999579087426109,1
"90","eDNA",90,"Extrapolation",0,94.439147655286,83.4798833150143,105.398411995558,0.999984119835058,0.999599407562284,1
"91","eDNA",91,"Extrapolation",0,94.4396997245496,83.4697182801106,105.409681168989,0.999985526938281,0.999618701570824,1
"92","eDNA",92,"Extrapolation",0,94.4402028762835,83.4600223312753,105.420383421292,0.999986809361471,0.999637024587084,1
"93","eDNA",93,"Extrapolation",0,94.4406614449523,83.4507745351523,105.430548354752,0.999987978152227,0.999654428547348,1
"94","eDNA",94,"Extrapolation",0,94.4410793809543,83.4419548138876,105.440203948021,0.999989043379245,0.999670962390474,1
"95","eDNA",95,"Extrapolation",0,94.4414602846523,83.433543918541,105.449376650764,0.999990014219059,0.999686672245827,1
"96","eDNA",96,"Extrapolation",0,94.4418074373898,83.4255234023736,105.458091472406,0.999990899035091,0.99970160160847,1
"97","eDNA",97,"Extrapolation",0,94.442123829758,83.4178755941501,105.466372065366,0.999991705449704,0.999715791502557,1
"98","eDNA",98,"Extrapolation",0,94.4424121873595,83.41058357158,105.474240803139,0.999992440409856,0.999729280633754,1
"99","eDNA",99,"Extrapolation",0,94.4426749942875,83.4036311349983,105.481718853577,0.999993110246958,0.999742105531481,1
"100","eDNA",100,"Extrapolation",0,94.4429145145256,83.3970027813764,105.488826247675,0.999993720731404,0.999754300681698,1
"101","BRUV",1,"Rarefaction",0,6.29411764705882,5.32586375101942,7.26237154309823,0.42873831775701,0.35397011898013,0.503506516533889
"102","BRUV",2,"Rarefaction",0,9.88970588235296,8.55634687097965,11.2230648937263,0.584579439252336,0.51681102379244,0.652347854712232
"103","BRUV",3,"Rarefaction",0,12.5044117647059,10.8091101242082,14.1997134052035,0.655841121495328,0.596109596168188,0.715572646822468
"104","BRUV",4,"Rarefaction",0,14.6705882352941,12.638886824901,16.7022896456872,0.697920303995072,0.643299793383764,0.75254081460638
"105","BRUV",5,"Rarefaction",0,16.5719133807369,14.2407245045811,18.9031022568928,0.728278730615179,0.676498401667336,0.780059059563022
"106","BRUV",6,"Rarefaction",0,18.2821590174532,15.6858134641642,20.8785045707422,0.752928146619735,0.70263231994359,0.80322397329588
"107","BRUV",7,"Rarefaction",0,19.8372583299055,17.0045333340511,22.6699833257599,0.774078491601856,0.724502862836276,0.823654120367436
"108","BRUV",8,"Rarefaction",0,21.2592348827643,18.2133555146054,24.3051142509233,0.79266061041762,0.743429853883758,0.841891366951482
"109","BRUV",9,"Rarefaction",0,22.5642533936652,19.3235492753991,25.8049575119313,0.809184040258807,0.760161502967453,0.858206577550161
"110","BRUV",10,"Rarefaction",0,23.7652714932128,20.3439926036235,27.1865503828021,0.823996097360584,0.775168024865216,0.872824169855951
"111","BRUV",11,"Rarefaction",0,24.8730607627667,21.2821739114688,28.4639476140646,0.837360069836705,0.788755864355529,0.885964275317882
"112","BRUV",12,"Rarefaction",0,25.8967356173239,22.1446039501355,29.6488672845123,0.849481359761734,0.801122430340519,0.897840289182948
"113","BRUV",13,"Rarefaction",0,26.8441176470589,22.9370088676291,30.7512264264886,0.860514018691589,0.812380532254747,0.908647505128431
"114","BRUV",14,"Rarefaction",0,27.7220588235294,23.6644610545007,31.7796565925581,0.870560747663551,0.822569002136296,0.918552493190806
"115","BRUV",15,"Rarefaction",0,28.5367647058824,24.3315154669051,32.7420139448596,0.879672897196262,0.831659490862961,0.927686303529563
"116","BRUV",16,"Rarefaction",0,29.2941176470588,24.9423695962692,33.6458656978484,0.88785046728972,0.839560528656494,0.936140405922946
"117","BRUV",17,"Observed",0,30,25.5010481077124,34.4989518922876,0.89547228019236,0.846923404865016,0.944021155519704
"118","BRUV",18,"Extrapolation",0,30.6579097658481,26.0101357301413,35.3056838015549,0.902576105810355,0.853847838557399,0.951304373063311
"119","BRUV",19,"Extrapolation",0,31.2711072175123,26.4722034871639,36.0700109478608,0.909197147163049,0.860399766879307,0.957994527446792
"120","BRUV",20,"Extrapolation",0,31.8426310559567,26.8898498275332,36.7954122843801,0.91536821483158,0.866623284096727,0.964113145566433
"121","BRUV",21,"Extrapolation",0,32.3753134684873,27.2657016419368,37.4849252950378,0.921119889551764,0.872548593986383,0.969691185117144
"122","BRUV",22,"Extrapolation",0,32.8717941636615,27.6023949490915,38.1411933782315,0.926480673756984,0.878197176758904,0.974764170755064
"123","BRUV",23,"Extrapolation",0,33.3345334523675,27.9025473206693,38.7665195840658,0.931477132822043,0.883585097677112,0.979369167966974
"124","BRUV",24,"Extrapolation",0,33.7658244398994,28.1687291828193,39.3629196969794,0.936134026707924,0.888725103908125,0.983542949507722
"125","BRUV",25,"Extrapolation",0,34.1678043894436,28.4034379332916,39.9321708455956,0.940474432659812,0.893627940042177,0.987320925277448
"126","BRUV",26,"Extrapolation",0,34.5424653132907,28.6090767508717,40.4758538757096,0.944519859566427,0.89830316275564,0.990736556377214
"127","BRUV",27,"Extrapolation",0,34.8916638442549,28.7879386832536,40.9953890052562,0.94829035454735,0.902759635728329,0.99382107336637
"128","BRUV",28,"Extrapolation",0,35.2171304362216,28.9421958380638,41.4920650343795,0.951804602296559,0.907005821419498,0.996603383173619
"129","BRUV",29,"Extrapolation",0,35.5204779394139,29.0738930978983,41.9670627809294,0.955080017674462,0.911049944759451,0.999110090589474
"130","BRUV",30,"Extrapolation",0,35.8032095928746,29.1849456094944,42.4214735762548,0.958132832007266,0.914900077087691,1
"131","BRUV",31,"Extrapolation",0,36.06672647377,29.2771392700129,42.8563136775272,0.960978173521335,0.918564171442945,1
"132","BRUV",32,"Extrapolation",0,36.3123344404299,29.3521334873919,43.2725353934678,0.963630142311148,0.922050069171981,1
"133","BRUV",33,"Extrapolation",0,36.5412506035303,29.4114655851085,43.6710356219521,0.966101880212332,0.925365490598189,1
"134","BRUV",34,"Extrapolation",0,36.754609357488,29.4565563281449,44.052662386831,0.968405635926057,0.928518017791774,1
"135","BRUV",35,"Extrapolation",0,36.9534680019534,29.4887161511031,44.4182198528037,0.97055282571749,0.931515074424846,1
"136","BRUV",36,"Extrapolation",0,37.138811981261,29.5091517632086,44.7684721993133,0.972554089989117,0.934363905706873,1
"137","BRUV",37,"Extrapolation",0,37.3115597678,29.5189728850619,45.1041466505382,0.974419346009274,0.937071560109844,1
"138","BRUV",38,"Extrapolation",0,37.4725674135064,29.5191989378751,45.4259358891377,0.976157837057187,0.939644873767816,1
"139","BRUV",39,"Extrapolation",0,37.6226327920288,29.510765558555,45.7345000255026,0.977778178228058,0.942090457914508,1
"140","BRUV",40,"Extrapolation",0,37.7624995525934,29.4945308550186,46.0304682501682,0.97928839912518,0.944414689401607,1
"141","BRUV",41,"Extrapolation",0,37.8928608051584,29.4712813474418,46.314440262875,0.980695983650653,0.946623704150395,1
"142","BRUV",42,"Extrapolation",0,38.0143625551219,29.44173756457,46.5869875456738,0.982007907091871,0.94872339328472,1
"143","BRUV",43,"Extrapolation",0,38.1276069046025,29.4065592813793,46.8486545278257,0.983230670687569,0.950719401643567,1
"144","BRUV",44,"Extrapolation",0,38.2331550361572,29.3663503966711,47.0999596756434,0.984370333844725,0.952617128356539,1
"145","BRUV",45,"Extrapolation",0,38.3315299937228,29.3216634577353,47.3413965297103,0.985432544165957,0.954421729171714,1
"146","BRUV",46,"Extrapolation",0,38.4232192745606,29.2730038449597,47.5734347041614,0.986422565436232,0.956138120243998,1
"147","BRUV",47,"Extrapolation",0,38.5086772450502,29.2208336329024,47.796520857198,0.987345303707556,0.957770983117207,1
"148","BRUV",48,"Extrapolation",0,38.5883273923026,29.1655751464536,48.0110796381517,0.988205331610926,0.959324770661093,1
"149","BRUV",49,"Extrapolation",0,38.6625644227515,29.1076142317106,48.2175146137924,0.989006911016009,0.960803713752942,1
"150","BRUV",50,"Extrapolation",0,38.7317562181213,29.0473032614066,48.4162091748361,0.989754014150843,0.962211828520771,1
"151","BRUV",51,"Extrapolation",0,38.796245658466,28.9849638944073,48.6075274225247,0.990450343286223,0.963552923990797,1
"152","BRUV",52,"Extrapolation",0,38.8563523213116,28.9208896081106,48.7918150345126,0.991099349082304,0.96483061000519,1
"153","BRUV",53,"Extrapolation",0,38.912374065323,28.8553480216667,48.9694001089792,0.991704247688361,0.966048305297131,1
"154","BRUV",54,"Extrapolation",0,38.9645885063433,28.7885830269007,49.1405939857858,0.992268036680415,0.967209245628792,1
"155","BRUV",55,"Extrapolation",0,39.0132543931195,28.7208167427065,49.3056920435324,0.992793509915726,0.968316491914162,1
"156","BRUV",56,"Extrapolation",0,39.0586128895323,28.6522513075645,49.4649744715,0.993283271377764,0.969372938262878,1
"157","BRUV",57,"Extrapolation",0,39.100888769684,28.5830705237284,49.6187070156396,0.993739748080246,0.970381319893445,1
"158","BRUV",58,"Extrapolation",0,39.1402915317671,28.5134413655631,49.7671416979711,0.99416520209421,0.97134422087478,1
"159","BRUV",59,"Extrapolation",0,39.177016436233,28.4435153635026,49.9105175089634,0.99456174175771,0.97226408166402,1
"160","BRUV",60,"Extrapolation",0,39.211245473405,28.3734298741431,50.049061072667,0.994931332123691,0.973143206416127,1
"161","BRUV",61,"Extrapolation",0,39.2431482653324,28.3033092461041,50.1829872845607,0.995275804697809,0.973983770047289,1
"162","BRUV",62,"Extrapolation",0,39.2728829063521,28.2332658904606,50.3124999222436,0.995596866514463,0.974787825039518,1
"163","BRUV",63,"Extrapolation",0,39.3005967465257,28.1634012637967,50.4377922292548,0.995896108596004,0.975557307978347,1
"164","BRUV",64,"Extrapolation",0,39.3264271218332,28.0938067712315,50.559047472435,0.996175013837053,0.976294045819285,1
"165","BRUV",65,"Extrapolation",0,39.3505020347412,28.0245645961282,50.6764394733542,0.996434964352981,0.976999761881755,1
"166","BRUV",66,"Extrapolation",0,39.3729407885195,27.9557484626165,50.7901331144225,0.996677248328992,0.977676081571766,1
"167","BRUV",67,"Extrapolation",0,39.3938545784488,27.8874243365219,50.9002848203757,0.996903066403721,0.978324537836596,1
"168","BRUV",68,"Extrapolation",0,39.4133470428489,27.819651069812,51.0070430158858,0.997113537619002,0.978946576356385,1
"169","BRUV",69,"Extrapolation",0,39.4315147766587,27.7524809932265,51.110548560091,0.997309704965283,0.979543560478829,1
"170","BRUV",70,"Extrapolation",0,39.4484478101125,27.6859604613531,51.2109351588719,0.997492540550167,0.980116775904121,1
"171","BRUV",71,"Extrapolation",0,39.464230054885,27.620130354047,51.308329755723,0.99766295041569,0.980667435128071,1
"172","BRUV",72,"Extrapolation",0,39.4789397199157,27.5550265377551,51.4028529020762,0.997821779028216,0.981196681651814,1
"173","BRUV",73,"Extrapolation",0,39.4926496989734,27.490680290005,51.4946191079417,0.997969813463191,0.981705593966929,1
"174","BRUV",74,"Extrapolation",0,39.5054279318815,27.4271186900384,51.5837371737246,0.998107787305499,0.982195189324984,1
"175","BRUV",75,"Extrapolation",0,39.517337741194,27.3643649783214,51.6703105040665,0.998236384284737,0.982666427300632,1
"176","BRUV",76,"Extrapolation",0,39.52843814599,27.3024388874298,51.7544374045503,0.998356241663444,0.983120213157393,1
"177","BRUV",77,"Extrapolation",0,39.5387841543437,27.2413569466019,51.8362113620854,0.998467953395054,0.983557401025195,1
"178","BRUV",78,"Extrapolation",0,39.548427035916,27.1811327620596,51.9157213097723,0.998572073067235,0.983978796898587,1
"179","BRUV",79,"Extrapolation",0,39.5574145760222,27.1217772750241,51.9930518770203,0.99866911664519,0.984385161464396,1
"180","BRUV",80,"Extrapolation",0,39.5657913124319,27.0632989991944,52.0682836256693,0.998759565028527,0.984777212767347,1
"181","BRUV",81,"Extrapolation",0,39.5735987560758,27.0057042393129,52.1414932728388,0.998843866434355,0.985155628721927,1
"182","BRUV",82,"Extrapolation",0,39.5808755967537,26.9489972923077,52.2127539011997,0.998922438618428,0.985521049478506,1
"183","BRUV",83,"Extrapolation",0,39.5876578948613,26.8931806323829,52.2821351573397,0.998995670945331,0.985874079651426,1
"184","BRUV",84,"Extrapolation",0,39.5939792600877,26.8382550813154,52.3497034388601,0.999063926317978,0.986215290416496,1
"185","BRUV",85,"Extrapolation",0,39.5998710179687,26.784219965117,52.4155220708204,0.99912754297598,0.986545221484995,1
"186","BRUV",86,"Extrapolation",0,39.6053623651199,26.731073258127,52.4796514721128,0.999186836171787,0.986864382961015,1
"187","BRUV",87,"Extrapolation",0,39.610480513921,26.6788117155157,52.5421493123262,0.999242099732928,0.987173257088634,1
"188","BRUV",88,"Extrapolation",0,39.6152508273667,26.6274309951021,52.6030706596312,0.999293607518069,0.987472299895144,1
"189","BRUV",89,"Extrapolation",0,39.6196969447529,26.5769257693161,52.6624681201898,0.999341614774122,0.987761942736228,1
"190","BRUV",90,"Extrapolation",0,39.6238408988217,26.5272898280721,52.7203919695713,0.999386359401124,0.988042593748714,1
"191","BRUV",91,"Extrapolation",0,39.627703224944,26.4785161732593,52.7768902766288,0.999428063131144,0.988314639216244,1
"192","BRUV",92,"Extrapolation",0,39.6313030628833,26.4305971054984,52.8320090202682,0.999466932627086,0.988578444852909,1
"193","BRUV",93,"Extrapolation",0,39.6346582516422,26.383524303766,52.8857921995185,0.999503160506799,0.988834357009665,1
"194","BRUV",94,"Extrapolation",0,39.6377854178642,26.3372888984379,52.9382819372904,0.999536926297599,0.989082703808055,1
"195","BRUV",95,"Extrapolation",0,39.6407000582263,26.2918815382629,52.9895185781898,0.999568397325917,0.989323796205543,1
"196","BRUV",96,"Extrapolation",0,39.6434166162338,26.2472924517373,53.0395407807303,0.999597729546486,0.989557928996527,1
"197","BRUV",97,"Extrapolation",0,39.6459485537941,26.203511503314,53.0883856042743,0.999625068315171,0.989785381752846,1
"198","BRUV",98,"Extrapolation",0,39.6483084179281,26.1605282448475,53.1360885910087,0.999650549109286,0.990006419707438,1
"199","BRUV",99,"Extrapolation",0,39.6505079029461,26.1183319626448,53.1826838432474,0.999674298198946,0.990221294584529,1
"200","BRUV",100,"Extrapolation",0,39.6525579083998,26.0769117204642,53.2282040963354,0.999696433272804,0.9904302453796,1
"201","Seine",1,"Rarefaction",0,4.17647058823529,3.32984023312047,5.02310094335012,0.357394366197183,0.283969104779706,0.43081962761466
"202","Seine",2,"Rarefaction",0,6.86029411764707,5.44103621377685,8.27955202151729,0.485211267605634,0.417331644396114,0.553090890815154
"203","Seine",3,"Rarefaction",0,9.01029411764706,7.12838037472886,10.8922078605653,0.555684104627768,0.489431038758642,0.621937170496895
"204","Seine",4,"Rarefaction",0,10.8659663865546,8.58683267258762,13.1451001005217,0.606740442655937,0.539799068271447,0.673681817040427
"205","Seine",5,"Rarefaction",0,12.5084033613446,9.87860436282822,15.1382023598609,0.647790589691998,0.579812048226364,0.715769131157632
"206","Seine",6,"Rarefaction",0,13.9793956043957,11.0345732633549,16.9242179454364,0.682227983284321,0.613831754517167,0.750624212051475
"207","Seine",7,"Rarefaction",0,15.3065610859729,12.075425723782,18.5376964481638,0.711646803900325,0.643618383578799,0.779675224221851
"208","Seine",8,"Rarefaction",0,16.5108597285068,13.0175084917534,20.0042109652602,0.73694474539545,0.669897733163097,0.803991757627803
"209","Seine",9,"Rarefaction",0,17.6095022624435,13.8747295418226,21.3442749830643,0.758748645720477,0.69302449378954,0.824472797651413
"210","Seine",10,"Rarefaction",0,18.6170814479639,14.6590355877305,22.5751273081973,0.777549914873859,0.713208612669166,0.841891217078552
"211","Seine",11,"Rarefaction",0,19.5461376858436,15.3805718943982,23.7117034772891,0.793743228602383,0.730588856655467,0.8568976005493
"212","Seine",12,"Rarefaction",0,20.4075630252101,16.0478462933636,24.7672797570566,0.807645875251509,0.745268897901438,0.87002285260158
"213","Seine",13,"Rarefaction",0,21.2109243697479,16.6679232655296,25.7539254739663,0.819517102615694,0.757345358220766,0.881688847010622
"214","Seine",14,"Rarefaction",0,21.9647058823529,17.2466143504703,26.6827974142355,0.829577464788732,0.766928360979673,0.892226568597792
"215","Seine",15,"Rarefaction",0,22.6764705882353,17.7886370865504,27.5643040899202,0.838028169014085,0.774154879535555,0.901901458492614
"216","Seine",16,"Rarefaction",0,23.3529411764706,18.297717090144,28.4081652627972,0.845070422535211,0.779197741829315,0.910943103241108
"217","Seine",17,"Observed",0,24,18.7766136193861,29.2233863806139,0.851806491120637,0.784076609283696,0.919536372957577
"218","Seine",18,"Extrapolation",0,24.618925831202,19.2245809140165,30.0132707483876,0.85824968715887,0.788909645303257,0.927589729014484
"219","Seine",19,"Extrapolation",0,25.2109418436562,19.6413997017567,30.7804839855557,0.864412744238919,0.793746570089297,0.935078918388542
"220","Seine",20,"Extrapolation",0,25.7772180294819,20.027318475286,31.5271175836778,0.870307842315488,0.798601846307247,0.942013838323729
"221","Seine",21,"Extrapolation",0,26.318873511576,20.3829726787697,32.2547743443823,0.875946631780032,0.803472570050718,0.948420693509346
"222","Seine",22,"Extrapolation",0,26.8369787553182,20.7092998506971,32.9646576599393,0.881340256485248,0.808347943491034,0.954332569479462
"223","Seine",23,"Extrapolation",0,27.3325576841151,21.0074600218491,33.6576553463811,0.886499375768498,0.813214212137263,0.959784539399733
"224","Seine",24,"Extrapolation",0,27.8065897029644,21.2787657865336,34.3344136193951,0.891434185517694,0.818057177379379,0.964811193656009
"225","Seine",25,"Extrapolation",0,28.2600116340375,21.5246236584445,34.9953996096305,0.896154438321272,0.822863418327548,0.969445458314997
"226","Seine",26,"Extrapolation",0,28.6937195681075,21.7464867071837,35.6409524290313,0.900669462742086,0.827620831247863,0.97371809423631
"227","Seine",27,"Extrapolation",0,29.1085706354788,21.9458175839237,36.2713236870339,0.9049881817533,0.83231881324384,0.97765755026276
"228","Seine",28,"Extrapolation",0,29.5053846999209,22.1240606168824,36.8867087829593,0.909119130372722,0.836948265574833,0.98128999517061
"229","Seine",29,"Extrapolation",0,29.8849459789525,22.2826215189151,37.4872704389898,0.91307047253043,0.841501510432933,0.984639434627926
"230","Seine",30,"Extrapolation",0,30.2480045936783,22.4228532856838,38.0731559016728,0.91685001720302,0.84597217087149,0.987727863534549
"231","Seine",31,"Extrapolation",0,30.5952780512422,22.5460469949051,38.6445091075792,0.920465233846367,0.850355039691018,0.990575428001715
"232","Seine",32,"Extrapolation",0,30.927452662825,22.6534263925291,39.2014789331208,0.923923267157394,0.854645950199555,0.993200584115233
"233","Seine",33,"Extrapolation",0,31.2451848999912,22.7461453370229,39.7442244629595,0.927230951194029,0.858841654870149,0.995620247517909
"234","Seine",34,"Extrapolation",0,31.5491026920632,22.8252873487057,40.2729180354207,0.930394822881245,0.862939714290279,0.997849931472212
"235","Seine",35,"Extrapolation",0,31.8398066670885,22.8918666673491,40.787746666828,0.933421134929887,0.866938396943519,0.999903872916255
"236","Seine",36,"Extrapolation",0,32.117871338852,22.9468303542233,41.2889123234806,0.936315868193805,0.870836589463385,1
"237","Seine",37,"Extrapolation",0,32.3838462422778,22.991061084373,41.7766314001826,0.939084743489726,0.874633716604367,1
"238","Seine",38,"Extrapolation",0,32.6382570194678,23.0253803630864,42.2511336758492,0.941733232903216,0.878329670040989,1
"239","Seine",39,"Extrapolation",0,32.8816064585191,23.0505519700975,42.7126609469407,0.944266570603077,0.881924745100317,1
"240","Seine",40,"Extrapolation",0,33.1143754871768,23.0672854891059,43.1614654852478,0.946689763185552,0.88541958458645,1
"241","Seine",41,"Extrapolation",0,33.3370241232842,23.0762398215966,43.5978084249718,0.949007599568788,0.888815128930963,1
"242","Seine",42,"Extrapolation",0,33.5499923839087,23.078026615266,44.0219581525514,0.951224660457102,0.892112571983094,1
"243","Seine",43,"Extrapolation",0,33.7537011549408,23.0732135607896,44.4341887490919,0.95334532739375,0.895313321829266,1
"244","Seine",44,"Extrapolation",0,33.9485530228845,23.0623275279788,44.8347785177903,0.955373791420108,0.898418966100312,1
"245","Seine",45,"Extrapolation",0,34.1349330704829,23.0458575250019,45.2240086159639,0.957314061358365,0.901431241285557,1
"246","Seine",46,"Extrapolation",0,34.3132096377509,23.0242574734262,45.6021618020756,0.959169971734088,0.904352005626271,1
"247","Seine",47,"Extrapolation",0,34.4837350499203,22.9979487982406,45.9695213016,0.960945190354345,0.907183215207586,1
"248","Seine",48,"Extrapolation",0,34.6468463137345,22.9673228364352,46.3263697910339,0.96264322555633,0.909926902908825,1
"249","Seine",49,"Extrapolation",0,34.8028657834699,22.9327430706514,46.6729884962883,0.964267433140837,0.912585159908066,1
"250","Seine",50,"Extrapolation",0,34.9521017979993,22.8945471962764,47.0096563997222,0.965821023004279,0.915160119468494,1
"251","Seine",51,"Extrapolation",0,35.0948492901579,22.8530490314305,47.3366495488853,0.967307065482354,0.917653942762166,1
"252","Seine",52,"Extrapolation",0,35.231390369614,22.8085402798086,47.6542404594193,0.968728497417904,0.920068806511938,1
"253","Seine",53,"Extrapolation",0,35.361994880398,22.7612921564585,47.9626976043375,0.970088127964951,0.922406892254637,1
"254","Seine",54,"Extrapolation",0,35.4869209341914,22.7115568864208,48.262284981962,0.971388644140388,0.924670377048704,1
"255","Seine",55,"Extrapolation",0,35.6064154204286,22.6595690858215,48.5532617550358,0.972632616134285,0.926861425467536,1
"256","Seine",56,"Extrapolation",0,35.7207144942207,22.6055470345548,48.8358819538867,0.973822502389316,0.928982182736032,1
"257","Seine",57,"Extrapolation",0,35.8300440430654,22.5496938491744,49.1103942369563,0.974960654459345,0.931034768882436,1
"258","Seine",58,"Extrapolation",0,35.9346201332646,22.4921985640551,49.3770417024741,0.976049321656765,0.933021273790783,1
"259","Seine",59,"Extrapolation",0,36.0346494369334,22.4332371283233,49.6360617455434,0.977090655497775,0.934943753051097,1
"260","Seine",60,"Extrapolation",0,36.1303296404427,22.372973325498,49.8876859553873,0.978086713954394,0.936804224515237,1
"261","Seine",61,"Extrapolation",0,36.2218498351037,22.3115596222414,50.132140047966,0.979039465521594,0.938604665475889,1
"262","Seine",62,"Extrapolation",0,36.3093908908665,22.2491379521078,50.3696438296252,0.979950793107612,0.940347010394914,1
"263","Seine",63,"Extrapolation",0,36.39312581377,22.1858404396891,50.6004111878509,0.980822497755107,0.942033149115085,1
"264","Seine",64,"Extrapolation",0,36.4732200878516,22.1217900701071,50.8246501055961,0.981656302200537,0.943664925496254,1
"265","Seine",65,"Extrapolation",0,36.5498320021905,22.0571013083755,51.0425626960056,0.982453854278775,0.945244136423344,1
"266","Seine",66,"Extrapolation",0,36.6231129637321,21.9918806727695,51.2543452546947,0.983216730179697,0.946772531139223,1
"267","Seine",67,"Extrapolation",0,36.693207796511,21.9262272659813,51.4601883270407,0.983946437563189,0.948251810860638,1
"268","Seine",68,"Extrapolation",0,36.7602550278648,21.8602332675076,51.6602767882219,0.984644418538702,0.949683628639948,1
"269","Seine",69,"Extrapolation",0,36.8243871622031,21.7939843904199,51.8547899339863,0.98531205251528,0.951069589439525,1
"270","Seine",70,"Extrapolation",0,36.8857309428746,21.7275603053881,52.0439015803611,0.98595065892766,0.952411250389354,1
"271","Seine",71,"Extrapolation",0,36.9444076026473,21.6610350345799,52.2277801707147,0.986561499843848,0.953710121201675,1
"272","Seine",72,"Extrapolation",0,37.0005331032995,21.5944773178294,52.4065888887696,0.987145782459333,0.954967664719464,1
"273","Seine",73,"Extrapolation",0,37.0542183647929,21.5279509532601,52.5804857763257,0.98770466148284,0.956185297578182,1
"274","Seine",74,"Extrapolation",0,37.1055694844822,21.4615151143582,52.7496238546061,0.988239241418369,0.957364390962605,1
"275","Seine",75,"Extrapolation",0,37.1546879467937,21.3952246453213,52.9141512482661,0.988750578748005,0.958506271442635,1
"276","Seine",76,"Extrapolation",0,37.2016708237873,21.3291303363482,53.0742113112264,0.989239684019831,0.959612221873911,1
"277","Seine",77,"Extrapolation",0,37.2466109669986,21.2632791803985,53.2299427535987,0.989707523845056,0.960683482350703,1
"278","Seine",78,"Extrapolation",0,37.2895971909398,21.1977146128159,53.3814797690637,0.990155022808314,0.961721251200084,1
"279","Seine",79,"Extrapolation",0,37.3307144486228,21.1324767350956,53.5289521621499,0.990583065294909,0.96272668600772,1
"280","Seine",80,"Extrapolation",0,37.3700439994499,21.0676025239676,53.6724854749322,0.990992497238609,0.96370090466681,1
"281","Seine",81,"Extrapolation",0,37.4076635698063,21.0031260268724,53.8122011127402,0.991384127793452,0.964644986442794,1
"282","Seine",82,"Extrapolation",0,37.4436475066689,20.9390785448137,53.9482164685242,0.991758730932867,0.96555997304735,1
"283","Seine",83,"Extrapolation",0,37.4780669245376,20.8754888034972,54.0806450455779,0.992117046979264,0.966446869716114,1
"284","Seine",84,"Extrapolation",0,37.5109898459771,20.8123831135869,54.2095965783673,0.992459784067122,0.967306646285241,1
"285","Seine",85,"Extrapolation",0,37.5424813360497,20.7497855208459,54.3351771512535,0.992787619542465,0.968140238262649,1
"286","Seine",86,"Extrapolation",0,37.5726036309018,20.6877179468684,54.4574893149352,0.993101201301488,0.968948547890333,1
"287","Seine",87,"Extrapolation",0,37.6014162607603,20.6262003210509,54.5766322004697,0.993401149070989,0.969732445194711,1
"288","Seine",88,"Extrapolation",0,37.6289761675814,20.5652507044047,54.6927016307581,0.99368805563312,0.970492769022376,1
"289","Seine",89,"Extrapolation",0,37.6553378175843,20.5048854057611,54.8057902294075,0.993962487996897,0.971230328059099,1
"290","Seine",90,"Extrapolation",0,37.6805533088914,20.4451190908802,54.9159875269025,0.994224988518771,0.971945901830241,1
"291","Seine",91,"Extrapolation",0,37.7046724744894,20.3859648849375,55.0233800640414,0.994476075974477,0.972640241681088,1
"292","Seine",92,"Extrapolation",0,37.7277429807137,20.3274344688221,55.1280514926053,0.994716246584282,0.973314071735896,1
"293","Seine",93,"Extrapolation",0,37.7498104214499,20.2695381696535,55.2300826732463,0.994945974993661,0.973968089834681,1
"294","Seine",94,"Extrapolation",0,37.7709184082411,20.2122850458905,55.3295517705917,0.995165715211328,0.974602968447012,1
"295","Seine",95,"Extrapolation",0,37.7911086564761,20.1556829673785,55.4265343455737,0.995375901506488,0.975219355562265,1
"296","Seine",96,"Extrapolation",0,37.8104210678314,20.09973869066,55.5211034450028,0.995576949267075,0.975817875555945,1
"297","Seine",97,"Extrapolation",0,37.8288938091277,20.0444579298447,55.6133296884107,0.99576925582068,0.976399130031858,1
"298","Seine",98,"Extrapolation",0,37.846563387759,19.9898454233192,55.7032813521988,0.995953201219781,0.976963698640017,1
"299","Seine",99,"Extrapolation",0,37.8634647238411,19.9359049965541,55.7910244511281,0.996129148992834,0.977512139870294,1
"300","Seine",100,"Extrapolation",0,37.879631219224,19.8826396212491,55.8766228171988,0.996297446862711,0.978044991821926,1
